"","bloc","location","year","name","zone","maturity","height","lodging","seedwt_1000","yield_kgha","environment"
"1",2,"ARBORG","2019","FP2573","3",110,46,1,5.65,27.7767233828571,"ARBORG_2019"
"2",3,"ARBORG","2019","FP2591","3",110,45,1,5.81,27.7043068087912,"ARBORG_2019"
"3",3,"ARBORG","2019","FP2567","3",112,50.5,1,6.26,25.845080952967,"ARBORG_2019"
"4",3,"ARBORG","2019","FP2595","3",114,46.5,1,6.05,25.0604615384615,"ARBORG_2019"
"5",3,"ARBORG","2019","FP2573","3",106,52.5,1,5.6,25.0313102268132,"ARBORG_2019"
"6",1,"ARBORG","2019","FP2591","3",113,44,1,6.04,24.9018291481319,"ARBORG_2019"
"7",1,"ARBORG","2019","FP2567","3",111,50,1,6.47,24.1255616149451,"ARBORG_2019"
"8",1,"ARBORG","2019","FP2573","3",116,44,1,5.72,24.0009511120879,"ARBORG_2019"
"9",1,"ARBORG","2019","FP2593","3",110,43.5,1,6.15,23.7508017582418,"ARBORG_2019"
"10",3,"ARBORG","2019","CDC Buryu","3",110,46.5,1,5.54,23.6550467674725,"ARBORG_2019"
"11",3,"ARBORG","2019","FP2593","3",106,50.5,1,6.32,23.5896253230769,"ARBORG_2019"
"12",3,"ARBORG","2019","FP2594","3",110,45,1,5.84,23.5841037714286,"ARBORG_2019"
"13",2,"ARBORG","2019","FP2566","3",106,43,1,5.37,23.5141612668132,"ARBORG_2019"
"14",2,"ARBORG","2019","Topaz","3",107,41,1,5.5,23.3472034918681,"ARBORG_2019"
"15",2,"ARBORG","2019","FP2592","3",107,44,1,6.21,23.3244243087912,"ARBORG_2019"
"16",1,"ARBORG","2019","CDC Rowland","3",116,48,1,6.34,23.2445455076923,"ARBORG_2019"
"17",2,"ARBORG","2019","CDC Rowland","3",114,43,1,6.25,23.1262759068132,"ARBORG_2019"
"18",1,"ARBORG","2019","FP2594","3",107,47,1,5.8,23.0838169872528,"ARBORG_2019"
"19",2,"ARBORG","2019","CDC Buryu","3",106,43.5,1,5.46,22.9211928685714,"ARBORG_2019"
"20",1,"ARBORG","2019","AAC Marvelous","3",112,47,1,5.41,22.888919883956,"ARBORG_2019"
"21",3,"ARBORG","2019","FP2590","3",107,45.5,1,6.03,22.8430692659341,"ARBORG_2019"
"22",2,"ARBORG","2019","FP2595","3",109,43.5,1,5.71,22.6879390171429,"ARBORG_2019"
"23",2,"ARBORG","2019","FP2567","3",108,48,1,5.68,22.6833151015385,"ARBORG_2019"
"24",1,"ARBORG","2019","FP2590","3",112,45,1,6.14,22.6672624351648,"ARBORG_2019"
"25",3,"ARBORG","2019","CDC Dorado","3",109,51,1,5.55,22.5524685604396,"ARBORG_2019"
"26",2,"ARBORG","2019","AAC Marvelous","3",106,47,1,5.61,22.5085857230769,"ARBORG_2019"
"27",2,"ARBORG","2019","FP2591","3",109,45,1,5.68,22.4755525239561,"ARBORG_2019"
"28",1,"ARBORG","2019","CDC Buryu","3",106,45,1,5.54,22.3543050549451,"ARBORG_2019"
"29",3,"ARBORG","2019","AAC Prairie Sunshine","3",107,42.5,1,5.24,22.3108587718681,"ARBORG_2019"
"30",1,"ARBORG","2019","FP2589","3",106,45.5,1,6.39,22.2404547428571,"ARBORG_2019"
"31",3,"ARBORG","2019","FP2566","3",106,45.5,1,5.38,22.155807410989,"ARBORG_2019"
"32",2,"ARBORG","2019","FP2593","3",107,43,1,6.56,22.1171647393407,"ARBORG_2019"
"33",3,"ARBORG","2019","FP2589","3",110,46,1,6.48,22.1051112685714,"ARBORG_2019"
"34",3,"ARBORG","2019","CDC Rowland","3",106,46.5,1,6.08,22.0598139498901,"ARBORG_2019"
"35",2,"ARBORG","2019","FP2589","3",114,41.5,1,6.24,22.0276744123077,"ARBORG_2019"
"36",2,"ARBORG","2019","CDC Glas","3",106,48,1,4.94,21.9450025384615,"ARBORG_2019"
"37",1,"ARBORG","2019","CDC Dorado","3",109,42.5,1,6.09,21.5640872483516,"ARBORG_2019"
"38",1,"ARBORG","2019","FP2592","3",109,44,1,6.04,21.4099066654945,"ARBORG_2019"
"39",2,"ARBORG","2019","FP2594","3",107,43,1,5.72,21.3284452008791,"ARBORG_2019"
"40",3,"ARBORG","2019","ND Hammond","3",107,49.5,1,4.75,20.7829891252747,"ARBORG_2019"
"41",1,"ARBORG","2019","FP2595","3",106,43,1,5.37,20.7829515481319,"ARBORG_2019"
"42",2,"ARBORG","2019","FP2590","3",108,36.5,1,5.95,20.7717615085714,"ARBORG_2019"
"43",3,"ARBORG","2019","Topaz","3",106,45,1,5.3,20.7691467657143,"ARBORG_2019"
"44",2,"ARBORG","2019","CDC Bethune","3",106,50,1,5.48,20.7531142127473,"ARBORG_2019"
"45",3,"ARBORG","2019","CDC Glas","3",107,44,1,5,20.671028269011,"ARBORG_2019"
"46",3,"ARBORG","2019","AAC Bright","3",110,46.5,1,5.58,20.571890130989,"ARBORG_2019"
"47",3,"ARBORG","2019","CDC Bethune","3",106,47,1,5.46,20.5697277591209,"ARBORG_2019"
"48",2,"ARBORG","2019","AAC Bright","3",107,46.5,1,5.42,20.4940225828571,"ARBORG_2019"
"49",2,"ARBORG","2019","ND Hammond","3",106,44.5,1,4.97,19.8762266531868,"ARBORG_2019"
"50",1,"ARBORG","2019","FP2566","3",106,41.5,1,5.54,19.8384633107692,"ARBORG_2019"
"51",1,"ARBORG","2019","CDC Glas","3",112,46,1,4.95,19.7947371261538,"ARBORG_2019"
"52",1,"ARBORG","2019","AAC Prairie Sunshine","3",111,45.5,1,4.91,19.63172736,"ARBORG_2019"
"53",1,"ARBORG","2019","ND Hammond","3",113,42.5,1,4.84,19.3574493854945,"ARBORG_2019"
"54",1,"ARBORG","2019","Topaz","3",106,44,1,5.39,19.1181974030769,"ARBORG_2019"
"55",1,"ARBORG","2019","AAC Bright","3",106,43.5,1,5.26,18.8048791859341,"ARBORG_2019"
"56",2,"ARBORG","2019","CDC Dorado","3",106,44,1,5.44,18.5398507494506,"ARBORG_2019"
"57",1,"ARBORG","2019","CDC Bethune","3",106,43.5,1,5.27,18.1342232967033,"ARBORG_2019"
"58",3,"ARBORG","2019","AAC Marvelous","3",NA,NA,NA,NA,NA,"ARBORG_2019"
"59",2,"ARBORG","2019","AAC Prairie Sunshine","3",NA,NA,NA,NA,NA,"ARBORG_2019"
"60",3,"ARBORG","2019","FP2592","3",NA,NA,NA,NA,NA,"ARBORG_2019"
"61",1,"AVONLEA","2019","FP2593","2",94,59,1,7.21,19.6687955610989,"AVONLEA_2019"
"62",2,"AVONLEA","2019","FP2590","2",94,58,1,6.56,19.5953565076923,"AVONLEA_2019"
"63",2,"AVONLEA","2019","FP2594","2",96,61,1,6.81,19.5174121661538,"AVONLEA_2019"
"64",3,"AVONLEA","2019","FP2593","2",93,62,1,6.83,19.276490229011,"AVONLEA_2019"
"65",1,"AVONLEA","2019","CDC Rowland","2",89,59,1,6.79,19.2597282912088,"AVONLEA_2019"
"66",2,"AVONLEA","2019","FP2592","2",94,65,1,6.65,19.2324982916484,"AVONLEA_2019"
"67",1,"AVONLEA","2019","FP2590","2",92,58,1,6.61,19.100530049011,"AVONLEA_2019"
"68",2,"AVONLEA","2019","CDC Rowland","2",89,63,1,6.55,17.9894382389011,"AVONLEA_2019"
"69",1,"AVONLEA","2019","FP2567","2",93,64,1,6.62,17.8950205753846,"AVONLEA_2019"
"70",1,"AVONLEA","2019","FP2595","2",94,59,1,6.24,17.6020686769231,"AVONLEA_2019"
"71",3,"AVONLEA","2019","FP2595","2",92,65,1,5.96,17.5680000450549,"AVONLEA_2019"
"72",3,"AVONLEA","2019","FP2592","2",94,65,1,6.79,17.4908182646154,"AVONLEA_2019"
"73",2,"AVONLEA","2019","AAC Prairie Sunshine","2",94,63,1,5.54,17.2880077784615,"AVONLEA_2019"
"74",1,"AVONLEA","2019","FP2589","2",92,60,1,6.74,16.9772334865934,"AVONLEA_2019"
"75",1,"AVONLEA","2019","CDC Buryu","2",91,60,1,6,16.3357887241758,"AVONLEA_2019"
"76",1,"AVONLEA","2019","FP2591","2",89,63,1,6.29,16.3078031225275,"AVONLEA_2019"
"77",1,"AVONLEA","2019","AAC Prairie Sunshine","2",92,62,1,5.22,16.1744048641758,"AVONLEA_2019"
"78",3,"AVONLEA","2019","CDC Rowland","2",92,60,1,6.66,16.0893598896703,"AVONLEA_2019"
"79",1,"AVONLEA","2019","AAC Marvelous","2",95,66,1,6,16.0857539010989,"AVONLEA_2019"
"80",2,"AVONLEA","2019","FP2595","2",89,63,1,5.81,16.007838006044,"AVONLEA_2019"
"81",1,"AVONLEA","2019","CDC Dorado","2",87,55,1,6.08,15.7543073176923,"AVONLEA_2019"
"82",3,"AVONLEA","2019","FP2594","2",89,67,1,6.14,15.6949526920879,"AVONLEA_2019"
"83",1,"AVONLEA","2019","AAC Bright","2",94,56,1,6.05,15.5825778501099,"AVONLEA_2019"
"84",2,"AVONLEA","2019","CDC Glas","2",89,61,1,5.18,15.3719149136264,"AVONLEA_2019"
"85",2,"AVONLEA","2019","AAC Marvelous","2",92,64,1,5.65,15.367477018022,"AVONLEA_2019"
"86",2,"AVONLEA","2019","FP2573","2",88,64,1,5.97,15.1592146961538,"AVONLEA_2019"
"87",1,"AVONLEA","2019","Topaz","2",87,64,1,5.4,15.0711028732967,"AVONLEA_2019"
"88",1,"AVONLEA","2019","FP2566","2",87,62,1,5.73,15.0643351740659,"AVONLEA_2019"
"89",1,"AVONLEA","2019","FP2594","2",93,63,1,5.99,15.0598149912088,"AVONLEA_2019"
"90",1,"AVONLEA","2019","CDC Glas","2",95,58,1,5.71,14.9032035476923,"AVONLEA_2019"
"91",2,"AVONLEA","2019","FP2593","2",94,60,1,6.81,14.8457954917582,"AVONLEA_2019"
"92",3,"AVONLEA","2019","CDC Bethune","2",87,59,1,5.66,14.71995008,"AVONLEA_2019"
"93",3,"AVONLEA","2019","FP2567","2",88,63,1,6.12,14.5564445762637,"AVONLEA_2019"
"94",3,"AVONLEA","2019","ND Hammond","2",95,68,1,5.53,14.5327717301099,"AVONLEA_2019"
"95",1,"AVONLEA","2019","CDC Bethune","2",91,54,1,5.91,14.4756687718681,"AVONLEA_2019"
"96",1,"AVONLEA","2019","ND Hammond","2",94,62,1,5.42,14.2173034021978,"AVONLEA_2019"
"97",3,"AVONLEA","2019","CDC Glas","2",89,60,1,5.4,14.1570964808791,"AVONLEA_2019"
"98",1,"AVONLEA","2019","FP2592","2",94,67,1,6.68,13.7857311791209,"AVONLEA_2019"
"99",3,"AVONLEA","2019","AAC Bright","2",93,59,1,5.85,13.2747163516483,"AVONLEA_2019"
"100",2,"AVONLEA","2019","FP2567","2",94,67,1,6.11,13.2406538241758,"AVONLEA_2019"
"101",3,"AVONLEA","2019","FP2591","2",93,61,1,6.4,13.0689239903297,"AVONLEA_2019"
"102",1,"AVONLEA","2019","FP2573","2",94,59,1,6.26,13.0605527884615,"AVONLEA_2019"
"103",2,"AVONLEA","2019","FP2589","2",88,64,1,6.31,12.8995392210989,"AVONLEA_2019"
"104",3,"AVONLEA","2019","FP2573","2",89,63,1,5.93,12.5025225164835,"AVONLEA_2019"
"105",3,"AVONLEA","2019","Topaz","2",94,54,1,6.03,12.4549253230769,"AVONLEA_2019"
"106",2,"AVONLEA","2019","Topaz","2",88,57,1,5.71,12.3659793956044,"AVONLEA_2019"
"107",3,"AVONLEA","2019","FP2590","2",88,64,1,5.98,12.2444692035165,"AVONLEA_2019"
"108",2,"AVONLEA","2019","FP2566","2",94,58,1,5.94,11.6193859305494,"AVONLEA_2019"
"109",3,"AVONLEA","2019","CDC Dorado","2",87,56,1,5.95,11.2238621169231,"AVONLEA_2019"
"110",3,"AVONLEA","2019","AAC Marvelous","2",89,64,1,5.65,11.1219316516484,"AVONLEA_2019"
"111",3,"AVONLEA","2019","AAC Prairie Sunshine","2",89,59,1,5.23,10.9447643884615,"AVONLEA_2019"
"112",3,"AVONLEA","2019","FP2566","2",88,59,1,5.9,10.8092101796703,"AVONLEA_2019"
"113",3,"AVONLEA","2019","FP2589","2",89,63,1,6.53,10.4463856598901,"AVONLEA_2019"
"114",2,"AVONLEA","2019","ND Hammond","2",96,63,1,5.64,10.4008235498901,"AVONLEA_2019"
"115",2,"AVONLEA","2019","CDC Dorado","2",87,55,1,5.78,10.344459956044,"AVONLEA_2019"
"116",2,"AVONLEA","2019","CDC Buryu","2",87,63,1,5.35,10.2477937994505,"AVONLEA_2019"
"117",2,"AVONLEA","2019","FP2591","2",88,63,1,6.01,10.046541032967,"AVONLEA_2019"
"118",2,"AVONLEA","2019","AAC Bright","2",93,54,1,5.86,NA,"AVONLEA_2019"
"119",2,"AVONLEA","2019","CDC Bethune","2",85,56,1,5.39,NA,"AVONLEA_2019"
"120",3,"AVONLEA","2019","CDC Buryu","2",87,59,1,5.65,NA,"AVONLEA_2019"
"121",3,"CODETTE","2019","FP2590","3",115,77.5,NA,6.83,27.2614125,"CODETTE_2019"
"122",2,"CODETTE","2019","FP2593","3",113,73,NA,7.27,25.472685,"CODETTE_2019"
"123",2,"CODETTE","2019","FP2590","3",114,75,NA,6.85,25.0873875,"CODETTE_2019"
"124",3,"CODETTE","2019","FP2595","3",116,78.5,NA,6.51,24.77671,"CODETTE_2019"
"125",2,"CODETTE","2019","FP2594","3",113,74.5,NA,6.57,23.96163,"CODETTE_2019"
"126",2,"CODETTE","2019","AAC Prairie Sunshine","3",114,72.5,NA,5.88,23.9192975,"CODETTE_2019"
"127",3,"CODETTE","2019","FP2592","3",113,75.5,NA,6.9,23.84733225,"CODETTE_2019"
"128",3,"CODETTE","2019","FP2593","3",115,85.5,NA,7.18,23.424366,"CODETTE_2019"
"129",1,"CODETTE","2019","FP2589","3",113,78.5,NA,7.06,23.196201,"CODETTE_2019"
"130",2,"CODETTE","2019","FP2573","3",108,70.5,NA,6.57,22.957991,"CODETTE_2019"
"131",3,"CODETTE","2019","FP2591","3",115,80.5,NA,6.81,21.8018115,"CODETTE_2019"
"132",2,"CODETTE","2019","FP2591","3",115,73,NA,6.74,21.34440525,"CODETTE_2019"
"133",2,"CODETTE","2019","FP2589","3",113,76.5,NA,7.23,21.22257375,"CODETTE_2019"
"134",1,"CODETTE","2019","FP2573","3",108,77.5,NA,6.36,20.97934125,"CODETTE_2019"
"135",2,"CODETTE","2019","CDC Rowland","3",114,70,NA,7.16,20.6595515,"CODETTE_2019"
"136",3,"CODETTE","2019","FP2567","3",114,85,NA,7.05,20.58399875,"CODETTE_2019"
"137",2,"CODETTE","2019","AAC Marvelous","3",114,69,NA,6.4,20.303528,"CODETTE_2019"
"138",2,"CODETTE","2019","FP2567","3",115,73.5,NA,7.11,20.25072,"CODETTE_2019"
"139",1,"CODETTE","2019","FP2593","3",115,76,NA,7.1,19.933298,"CODETTE_2019"
"140",1,"CODETTE","2019","AAC Marvelous","3",109,75,NA,6.33,19.816776,"CODETTE_2019"
"141",3,"CODETTE","2019","FP2594","3",116,80,NA,6.77,19.75844325,"CODETTE_2019"
"142",3,"CODETTE","2019","AAC Marvelous","3",114,81.5,NA,6.22,19.602674,"CODETTE_2019"
"143",2,"CODETTE","2019","CDC Dorado","3",112,70.5,NA,6.21,19.55783025,"CODETTE_2019"
"144",1,"CODETTE","2019","FP2590","3",115,66.5,NA,6.81,19.542691,"CODETTE_2019"
"145",2,"CODETTE","2019","ND Hammond","3",109,79.5,NA,5.67,19.464627,"CODETTE_2019"
"146",1,"CODETTE","2019","FP2566","3",115,70,NA,6.29,19.425021,"CODETTE_2019"
"147",2,"CODETTE","2019","FP2595","3",114,68.5,NA,6.6,19.41318225,"CODETTE_2019"
"148",2,"CODETTE","2019","FP2592","3",114,82.5,NA,7.08,19.39682325,"CODETTE_2019"
"149",3,"CODETTE","2019","FP2573","3",108,76,NA,6.49,19.14627225,"CODETTE_2019"
"150",2,"CODETTE","2019","Topaz","3",108,66,NA,6.17,18.950036,"CODETTE_2019"
"151",3,"CODETTE","2019","FP2566","3",115,77,NA,6.4,18.68083,"CODETTE_2019"
"152",3,"CODETTE","2019","AAC Bright","3",112,74.5,NA,6.12,18.5305855,"CODETTE_2019"
"153",1,"CODETTE","2019","AAC Bright","3",114,71.5,NA,6.01,18.481365,"CODETTE_2019"
"154",2,"CODETTE","2019","AAC Bright","3",112,74.5,NA,6.22,18.474764,"CODETTE_2019"
"155",3,"CODETTE","2019","CDC Rowland","3",114,74,NA,7.21,18.278169,"CODETTE_2019"
"156",1,"CODETTE","2019","FP2591","3",116,74,NA,7.03,18.17248125,"CODETTE_2019"
"157",3,"CODETTE","2019","CDC Dorado","3",115,75,NA,6.16,17.98865775,"CODETTE_2019"
"158",2,"CODETTE","2019","FP2566","3",114,71.5,NA,6.23,17.90019,"CODETTE_2019"
"159",1,"CODETTE","2019","CDC Bethune","3",111,68.5,NA,6.14,17.8119375,"CODETTE_2019"
"160",1,"CODETTE","2019","CDC Rowland","3",113,72.5,NA,6.9,17.0998905,"CODETTE_2019"
"161",3,"CODETTE","2019","ND Hammond","3",109,77.5,NA,5.61,16.9819335,"CODETTE_2019"
"162",1,"CODETTE","2019","FP2567","3",115,71.5,NA,7.02,16.2744785,"CODETTE_2019"
"163",2,"CODETTE","2019","CDC Bethune","3",111,71.5,NA,6.3,15.9289305,"CODETTE_2019"
"164",3,"CODETTE","2019","CDC Bethune","3",111,69.5,NA,6.21,15.8402475,"CODETTE_2019"
"165",3,"CODETTE","2019","FP2589","3",114,62,NA,7.24,15.713824,"CODETTE_2019"
"166",1,"CODETTE","2019","CDC Glas","3",109,77.5,NA,5.98,15.61947275,"CODETTE_2019"
"167",3,"CODETTE","2019","AAC Prairie Sunshine","3",115,73,NA,5.92,15.49692375,"CODETTE_2019"
"168",3,"CODETTE","2019","CDC Buryu","3",108,75.5,NA,6.06,15.1566135,"CODETTE_2019"
"169",3,"CODETTE","2019","CDC Glas","3",109,71.5,NA,5.81,14.97888875,"CODETTE_2019"
"170",2,"CODETTE","2019","CDC Buryu","3",108,76,NA,6.06,14.6474755,"CODETTE_2019"
"171",1,"CODETTE","2019","Topaz","3",109,74,NA,6.22,14.49063,"CODETTE_2019"
"172",2,"CODETTE","2019","CDC Glas","3",111,71,NA,5.91,13.826799,"CODETTE_2019"
"173",1,"CODETTE","2019","CDC Dorado","3",113,60.5,NA,6.28,13.808718,"CODETTE_2019"
"174",3,"CODETTE","2019","Topaz","3",109,79,NA,6.13,13.3462175,"CODETTE_2019"
"175",1,"CODETTE","2019","FP2595","3",115,63.5,NA,6.65,13.2968535,"CODETTE_2019"
"176",1,"CODETTE","2019","FP2594","3",114,74,NA,6.61,13.2216595,"CODETTE_2019"
"177",1,"CODETTE","2019","ND Hammond","3",108,70,NA,5.7,13.15608,"CODETTE_2019"
"178",1,"CODETTE","2019","CDC Buryu","3",108,77.5,NA,6.15,13.08181875,"CODETTE_2019"
"179",1,"CODETTE","2019","AAC Prairie Sunshine","3",114,77,NA,5.88,13.028652,"CODETTE_2019"
"180",1,"CODETTE","2019","FP2592","3",115,74.5,NA,6.99,10.55263125,"CODETTE_2019"
"181",3,"INDIAN_HEAD","2019","FP2593","1",112,56,NA,6.88,23.618055,"INDIAN_HEAD_2019"
"182",3,"INDIAN_HEAD","2019","FP2590","1",123,54,NA,6.66,23.18261,"INDIAN_HEAD_2019"
"183",3,"INDIAN_HEAD","2019","FP2594","1",118,56,NA,6.46,22.579265,"INDIAN_HEAD_2019"
"184",3,"INDIAN_HEAD","2019","FP2589","1",118,54,NA,6.86,22.431805,"INDIAN_HEAD_2019"
"185",3,"INDIAN_HEAD","2019","FP2595","1",112,52,NA,6.23,21.71093,"INDIAN_HEAD_2019"
"186",3,"INDIAN_HEAD","2019","FP2567","1",110,60,NA,6.31,21.5569,"INDIAN_HEAD_2019"
"187",3,"INDIAN_HEAD","2019","CDC Glas","1",110,56,NA,5.26,21.32841,"INDIAN_HEAD_2019"
"188",3,"INDIAN_HEAD","2019","FP2573","1",110,56,NA,6.06,21.24154,"INDIAN_HEAD_2019"
"189",2,"INDIAN_HEAD","2019","CDC Glas","1",110,58,NA,5.2,20.88676,"INDIAN_HEAD_2019"
"190",1,"INDIAN_HEAD","2019","FP2592","1",113,54,NA,6.87,20.827995,"INDIAN_HEAD_2019"
"191",2,"INDIAN_HEAD","2019","CDC Buryu","1",110,60,NA,5.7,20.784925,"INDIAN_HEAD_2019"
"192",1,"INDIAN_HEAD","2019","FP2595","1",112,54,NA,6.24,20.742585,"INDIAN_HEAD_2019"
"193",1,"INDIAN_HEAD","2019","FP2567","1",110,60,NA,6.57,20.69331,"INDIAN_HEAD_2019"
"194",3,"INDIAN_HEAD","2019","FP2566","1",112,56,NA,5.84,20.586365,"INDIAN_HEAD_2019"
"195",2,"INDIAN_HEAD","2019","FP2590","1",118,58,NA,6.48,20.52687,"INDIAN_HEAD_2019"
"196",3,"INDIAN_HEAD","2019","AAC Bright","1",112,52,NA,5.8,20.129385,"INDIAN_HEAD_2019"
"197",3,"INDIAN_HEAD","2019","AAC Marvelous","1",123,54,NA,5.88,19.81585,"INDIAN_HEAD_2019"
"198",1,"INDIAN_HEAD","2019","FP2591","1",123,52,NA,6.52,19.701605,"INDIAN_HEAD_2019"
"199",3,"INDIAN_HEAD","2019","CDC Buryu","1",110,54,NA,5.59,19.68956,"INDIAN_HEAD_2019"
"200",2,"INDIAN_HEAD","2019","FP2591","1",118,50,NA,6.37,19.643205,"INDIAN_HEAD_2019"
"201",3,"INDIAN_HEAD","2019","FP2591","1",123,56,NA,6.41,19.58152,"INDIAN_HEAD_2019"
"202",1,"INDIAN_HEAD","2019","FP2594","1",113,50,NA,6.35,19.09315,"INDIAN_HEAD_2019"
"203",2,"INDIAN_HEAD","2019","AAC Marvelous","1",110,54,NA,5.78,19.003725,"INDIAN_HEAD_2019"
"204",2,"INDIAN_HEAD","2019","FP2573","1",103,60,NA,5.92,18.75516,"INDIAN_HEAD_2019"
"205",1,"INDIAN_HEAD","2019","FP2590","1",110,54,NA,6.41,18.705885,"INDIAN_HEAD_2019"
"206",3,"INDIAN_HEAD","2019","Topaz","1",112,56,NA,5.65,18.533605,"INDIAN_HEAD_2019"
"207",2,"INDIAN_HEAD","2019","FP2594","1",123,54,NA,6.22,18.42958,"INDIAN_HEAD_2019"
"208",2,"INDIAN_HEAD","2019","FP2589","1",113,52,NA,6.82,18.391255,"INDIAN_HEAD_2019"
"209",1,"INDIAN_HEAD","2019","CDC Buryu","1",113,54,NA,5.66,18.35877,"INDIAN_HEAD_2019"
"210",3,"INDIAN_HEAD","2019","ND Hammond","1",103,52,NA,5.33,18.20255,"INDIAN_HEAD_2019"
"211",2,"INDIAN_HEAD","2019","AAC Prairie Sunshine","1",112,86,NA,5.29,18.12882,"INDIAN_HEAD_2019"
"212",2,"INDIAN_HEAD","2019","CDC Bethune","1",103,58,NA,5.66,18.1259,"INDIAN_HEAD_2019"
"213",2,"INDIAN_HEAD","2019","FP2592","1",113,54,NA,6.83,18.070785,"INDIAN_HEAD_2019"
"214",2,"INDIAN_HEAD","2019","CDC Rowland","1",118,52,NA,6.57,17.99742,"INDIAN_HEAD_2019"
"215",3,"INDIAN_HEAD","2019","CDC Rowland","1",123,56,NA,6.71,17.8996,"INDIAN_HEAD_2019"
"216",3,"INDIAN_HEAD","2019","FP2592","1",123,58,NA,6.78,17.748125,"INDIAN_HEAD_2019"
"217",1,"INDIAN_HEAD","2019","AAC Prairie Sunshine","1",113,50,NA,5.32,17.717465,"INDIAN_HEAD_2019"
"218",2,"INDIAN_HEAD","2019","FP2595","1",118,50,NA,5.93,17.71418,"INDIAN_HEAD_2019"
"219",1,"INDIAN_HEAD","2019","ND Hammond","1",110,56,NA,5.18,17.61417,"INDIAN_HEAD_2019"
"220",2,"INDIAN_HEAD","2019","FP2593","1",110,50,NA,6.83,17.50978,"INDIAN_HEAD_2019"
"221",2,"INDIAN_HEAD","2019","FP2566","1",118,46,NA,5.67,17.505765,"INDIAN_HEAD_2019"
"222",2,"INDIAN_HEAD","2019","Topaz","1",113,48,NA,5.59,17.467075,"INDIAN_HEAD_2019"
"223",1,"INDIAN_HEAD","2019","FP2573","1",110,56,NA,6.11,17.366335,"INDIAN_HEAD_2019"
"224",1,"INDIAN_HEAD","2019","CDC Bethune","1",118,46,NA,5.57,17.13675,"INDIAN_HEAD_2019"
"225",1,"INDIAN_HEAD","2019","CDC Glas","1",113,54,NA,5.26,17.10755,"INDIAN_HEAD_2019"
"226",3,"INDIAN_HEAD","2019","CDC Dorado","1",103,48,NA,5.97,16.953885,"INDIAN_HEAD_2019"
"227",3,"INDIAN_HEAD","2019","AAC Prairie Sunshine","1",123,54,NA,5.4,16.845115,"INDIAN_HEAD_2019"
"228",1,"INDIAN_HEAD","2019","AAC Marvelous","1",113,56,NA,5.81,16.797665,"INDIAN_HEAD_2019"
"229",2,"INDIAN_HEAD","2019","ND Hammond","1",103,52,NA,5.17,16.388135,"INDIAN_HEAD_2019"
"230",1,"INDIAN_HEAD","2019","FP2566","1",113,50,NA,5.76,16.293965,"INDIAN_HEAD_2019"
"231",1,"INDIAN_HEAD","2019","AAC Bright","1",113,44,NA,5.63,16.142855,"INDIAN_HEAD_2019"
"232",1,"INDIAN_HEAD","2019","CDC Dorado","1",123,50,NA,5.92,15.955975,"INDIAN_HEAD_2019"
"233",2,"INDIAN_HEAD","2019","FP2567","1",112,58,NA,6.18,15.860345,"INDIAN_HEAD_2019"
"234",3,"INDIAN_HEAD","2019","CDC Bethune","1",118,54,NA,5.7,15.561045,"INDIAN_HEAD_2019"
"235",2,"INDIAN_HEAD","2019","AAC Bright","1",110,54,NA,5.72,15.340585,"INDIAN_HEAD_2019"
"236",1,"INDIAN_HEAD","2019","CDC Rowland","1",113,52,NA,6.78,14.922295,"INDIAN_HEAD_2019"
"237",1,"INDIAN_HEAD","2019","Topaz","1",110,52,NA,5.56,14.819,"INDIAN_HEAD_2019"
"238",1,"INDIAN_HEAD","2019","FP2589","1",123,48,NA,6.73,14.398155,"INDIAN_HEAD_2019"
"239",2,"INDIAN_HEAD","2019","CDC Dorado","1",112,52,NA,5.87,13.91161,"INDIAN_HEAD_2019"
"240",1,"INDIAN_HEAD","2019","FP2593","1",123,54,NA,6.94,13.86927,"INDIAN_HEAD_2019"
"241",1,"LETHBRIDGE","2019","CDC Glas","4",116,71.6666666666667,NA,5.99,47.482519454805,"LETHBRIDGE_2019"
"242",1,"LETHBRIDGE","2019","FP2592","4",116,66.6666666666667,NA,7.41,41.1725376433209,"LETHBRIDGE_2019"
"243",2,"LETHBRIDGE","2019","FP2590","4",110,60,NA,7.24,40.0854227103191,"LETHBRIDGE_2019"
"244",2,"LETHBRIDGE","2019","CDC Glas","4",109,68.3333333333333,NA,5.87,40.0178431643413,"LETHBRIDGE_2019"
"245",2,"LETHBRIDGE","2019","FP2595","4",111,61.6666666666667,NA,6.71,39.9428097803564,"LETHBRIDGE_2019"
"246",3,"LETHBRIDGE","2019","FP2592","4",113,78.3333333333333,NA,7.4,39.5959087350923,"LETHBRIDGE_2019"
"247",1,"LETHBRIDGE","2019","FP2589","4",115,61.6666666666667,NA,7.59,39.5940139061565,"LETHBRIDGE_2019"
"248",1,"LETHBRIDGE","2019","FP2593","4",113,53.3333333333333,NA,7.46,38.9740802136575,"LETHBRIDGE_2019"
"249",3,"LETHBRIDGE","2019","FP2589","4",111,68.3333333333333,NA,7.68,38.9446435971819,"LETHBRIDGE_2019"
"250",3,"LETHBRIDGE","2019","AAC Bright","4",108,65,NA,6.57,38.8236036284938,"LETHBRIDGE_2019"
"251",2,"LETHBRIDGE","2019","Topaz","4",109,61.6666666666667,NA,6.35,38.6279965004374,"LETHBRIDGE_2019"
"252",2,"LETHBRIDGE","2019","FP2594","4",111,78.3333333333333,NA,6.83,38.4801319242989,"LETHBRIDGE_2019"
"253",1,"LETHBRIDGE","2019","FP2590","4",116,73.3333333333333,NA,7.25,38.3814120274439,"LETHBRIDGE_2019"
"254",3,"LETHBRIDGE","2019","FP2573","4",108,70,NA,6.53,38.15791776028,"LETHBRIDGE_2019"
"255",2,"LETHBRIDGE","2019","CDC Bethune","4",109,81.6666666666667,NA,6.36,38.1134019431782,"LETHBRIDGE_2019"
"256",3,"LETHBRIDGE","2019","CDC Dorado","4",112,73.3333333333333,NA,6.98,37.6290924160796,"LETHBRIDGE_2019"
"257",3,"LETHBRIDGE","2019","FP2567","4",112,61.6666666666667,NA,7.42,37.4178362573099,"LETHBRIDGE_2019"
"258",1,"LETHBRIDGE","2019","FP2566","4",116,60,NA,6.51,37.3685591932587,"LETHBRIDGE_2019"
"259",1,"LETHBRIDGE","2019","FP2595","4",110,73.3333333333333,NA,6.68,36.6968526960446,"LETHBRIDGE_2019"
"260",2,"LETHBRIDGE","2019","AAC Marvelous","4",110,71.6666666666667,NA,6.67,36.3068276004973,"LETHBRIDGE_2019"
"261",2,"LETHBRIDGE","2019","FP2591","4",109,61.6666666666667,NA,6.89,35.9397016162453,"LETHBRIDGE_2019"
"262",1,"LETHBRIDGE","2019","CDC Rowland","4",117,66.6666666666667,NA,7.22,35.7632891283326,"LETHBRIDGE_2019"
"263",2,"LETHBRIDGE","2019","FP2573","4",110,75,NA,6.61,35.7342174333471,"LETHBRIDGE_2019"
"264",1,"LETHBRIDGE","2019","Topaz","4",108,61.6666666666667,NA,6.28,35.5411048947829,"LETHBRIDGE_2019"
"265",1,"LETHBRIDGE","2019","FP2594","4",111,65,NA,6.85,35.5367327439333,"LETHBRIDGE_2019"
"266",3,"LETHBRIDGE","2019","FP2591","4",114,68.3333333333333,NA,7.13,35.447009255422,"LETHBRIDGE_2019"
"267",3,"LETHBRIDGE","2019","FP2566","4",109,78.3333333333333,NA,6.34,35.4228219827785,"LETHBRIDGE_2019"
"268",2,"LETHBRIDGE","2019","FP2589","4",111,63.3333333333333,NA,7.52,35.4004696781323,"LETHBRIDGE_2019"
"269",2,"LETHBRIDGE","2019","FP2567","4",112,66.6666666666667,NA,7.25,35.3284569691946,"LETHBRIDGE_2019"
"270",3,"LETHBRIDGE","2019","FP2595","4",114,73.3333333333333,NA,6.73,35.0746615554635,"LETHBRIDGE_2019"
"271",2,"LETHBRIDGE","2019","CDC Buryu","4",107,65,NA,6.42,35.0702790440669,"LETHBRIDGE_2019"
"272",1,"LETHBRIDGE","2019","FP2567","4",116,71.6666666666667,NA,7.47,34.9307052079016,"LETHBRIDGE_2019"
"273",2,"LETHBRIDGE","2019","FP2593","4",110,81.6666666666667,NA,7.33,34.9236047796657,"LETHBRIDGE_2019"
"274",3,"LETHBRIDGE","2019","CDC Bethune","4",107,71.6666666666667,NA,6.16,34.8244762167887,"LETHBRIDGE_2019"
"275",2,"LETHBRIDGE","2019","FP2592","4",111,68.3333333333333,NA,7.29,34.5149468158585,"LETHBRIDGE_2019"
"276",3,"LETHBRIDGE","2019","CDC Buryu","4",108,73.3333333333333,NA,6.49,33.3530805359856,"LETHBRIDGE_2019"
"277",2,"LETHBRIDGE","2019","AAC Prairie Sunshine","4",110,66.6666666666667,NA,6.07,33.0456750471981,"LETHBRIDGE_2019"
"278",1,"LETHBRIDGE","2019","AAC Marvelous","4",114,53.3333333333333,NA,6.68,32.9832780770825,"LETHBRIDGE_2019"
"279",2,"LETHBRIDGE","2019","FP2566","4",108,80,NA,6.26,32.7188941842796,"LETHBRIDGE_2019"
"280",3,"LETHBRIDGE","2019","AAC Marvelous","4",111,71.6666666666667,NA,6.46,32.6208730487636,"LETHBRIDGE_2019"
"281",1,"LETHBRIDGE","2019","CDC Dorado","4",111,76.6666666666667,NA,6.92,32.1323559883962,"LETHBRIDGE_2019"
"282",2,"LETHBRIDGE","2019","CDC Rowland","4",108,68.3333333333333,NA,7.36,31.836349403693,"LETHBRIDGE_2019"
"283",1,"LETHBRIDGE","2019","CDC Buryu","4",115,78.3333333333333,NA,6.46,31.6788011695906,"LETHBRIDGE_2019"
"284",3,"LETHBRIDGE","2019","ND Hammond","4",110,51.6666666666667,NA,5.8,31.5299396785928,"LETHBRIDGE_2019"
"285",1,"LETHBRIDGE","2019","CDC Bethune","4",107,63.3333333333333,NA,6.38,31.4172825436294,"LETHBRIDGE_2019"
"286",1,"LETHBRIDGE","2019","AAC Prairie Sunshine","4",116,63.3333333333333,NA,5.91,31.1680169912971,"LETHBRIDGE_2019"
"287",3,"LETHBRIDGE","2019","FP2594","4",113,55,NA,6.83,31.1352028364875,"LETHBRIDGE_2019"
"288",1,"LETHBRIDGE","2019","FP2591","4",110,71.6666666666667,NA,6.94,31.0570175438596,"LETHBRIDGE_2019"
"289",2,"LETHBRIDGE","2019","CDC Dorado","4",112,70,NA,6.9,30.6837546622462,"LETHBRIDGE_2019"
"290",3,"LETHBRIDGE","2019","FP2593","4",110,63.3333333333333,NA,7.23,30.2528710227011,"LETHBRIDGE_2019"
"291",3,"LETHBRIDGE","2019","FP2590","4",112,76.6666666666667,NA,7.08,30.1387277248239,"LETHBRIDGE_2019"
"292",2,"LETHBRIDGE","2019","AAC Bright","4",107,70,NA,6.29,29.7859890868905,"LETHBRIDGE_2019"
"293",1,"LETHBRIDGE","2019","ND Hammond","4",107,70,NA,5.78,29.4098632407791,"LETHBRIDGE_2019"
"294",1,"LETHBRIDGE","2019","FP2573","4",105,61.6666666666667,NA,6.52,28.1983043238016,"LETHBRIDGE_2019"
"295",3,"LETHBRIDGE","2019","AAC Prairie Sunshine","4",113,63.3333333333333,NA,5.93,28.0887380853709,"LETHBRIDGE_2019"
"296",2,"LETHBRIDGE","2019","ND Hammond","4",107,63.3333333333333,NA,5.6,28.0098528802321,"LETHBRIDGE_2019"
"297",3,"LETHBRIDGE","2019","Topaz","4",107,68.3333333333333,NA,6.23,27.9705714417277,"LETHBRIDGE_2019"
"298",3,"LETHBRIDGE","2019","CDC Glas","4",108,76.6666666666667,NA,5.84,27.3482513698946,"LETHBRIDGE_2019"
"299",3,"LETHBRIDGE","2019","CDC Rowland","4",111,70,NA,7.23,26.9130715568449,"LETHBRIDGE_2019"
"300",1,"LETHBRIDGE","2019","AAC Bright","4",109,63.3333333333333,NA,6.43,22.7041672422526,"LETHBRIDGE_2019"
"301",2,"MELFORT","2019","FP2594","3",128,75,1,6.9,42.1682,"MELFORT_2019"
"302",3,"MELFORT","2019","CDC Glas","3",122,75,1,5.82,41.7356,"MELFORT_2019"
"303",3,"MELFORT","2019","FP2595","3",129,76,1,6.74,41.2,"MELFORT_2019"
"304",3,"MELFORT","2019","FP2573","3",117,78,1,6.42,41.1794,"MELFORT_2019"
"305",2,"MELFORT","2019","CDC Glas","3",121,78,1,5.86,41.1382,"MELFORT_2019"
"306",3,"MELFORT","2019","Topaz","3",117,75,1,6.26,41.0352,"MELFORT_2019"
"307",3,"MELFORT","2019","FP2589","3",124,75,1,7.59,40.9116,"MELFORT_2019"
"308",2,"MELFORT","2019","FP2592","3",129,83,1,7.57,40.8292,"MELFORT_2019"
"309",3,"MELFORT","2019","AAC Marvelous","3",128,77,1,6.58,40.5408,"MELFORT_2019"
"310",2,"MELFORT","2019","FP2589","3",120,75,1,7.38,40.5408,"MELFORT_2019"
"311",3,"MELFORT","2019","FP2594","3",125,74,1,6.75,40.479,"MELFORT_2019"
"312",1,"MELFORT","2019","FP2594","3",127,73,1,6.97,40.3966,"MELFORT_2019"
"313",3,"MELFORT","2019","CDC Bethune","3",115,73,1,6.43,40.2936,"MELFORT_2019"
"314",3,"MELFORT","2019","FP2592","3",123,78,1,7.13,40.273,"MELFORT_2019"
"315",2,"MELFORT","2019","FP2593","3",127,78,1,7.4,39.4902,"MELFORT_2019"
"316",2,"MELFORT","2019","FP2573","3",123,77,1,6.69,39.4696,"MELFORT_2019"
"317",2,"MELFORT","2019","FP2595","3",130,73,1,6.81,39.4078,"MELFORT_2019"
"318",3,"MELFORT","2019","FP2567","3",119,78,1,7,39.3872,"MELFORT_2019"
"319",2,"MELFORT","2019","FP2591","3",125,75,1,6.98,39.3666,"MELFORT_2019"
"320",1,"MELFORT","2019","FP2592","3",125,75,1,7.38,39.243,"MELFORT_2019"
"321",3,"MELFORT","2019","FP2566","3",121,79,1,6.27,38.8722,"MELFORT_2019"
"322",3,"MELFORT","2019","CDC Buryu","3",121,76,1,6.47,38.8104,"MELFORT_2019"
"323",3,"MELFORT","2019","FP2590","3",125,76,1,6.88,38.8104,"MELFORT_2019"
"324",3,"MELFORT","2019","FP2591","3",126,75,1,7.06,38.7898,"MELFORT_2019"
"325",1,"MELFORT","2019","AAC Marvelous","3",125,74,1,6.55,38.7074,"MELFORT_2019"
"326",1,"MELFORT","2019","CDC Rowland","3",124,68,1,7.05,38.522,"MELFORT_2019"
"327",3,"MELFORT","2019","FP2593","3",125,74,1,7.38,38.522,"MELFORT_2019"
"328",3,"MELFORT","2019","AAC Bright","3",123,78,1,6.46,38.4808,"MELFORT_2019"
"329",2,"MELFORT","2019","AAC Marvelous","3",125,77,1,6.39,38.3778,"MELFORT_2019"
"330",2,"MELFORT","2019","FP2566","3",124,78,1,6.43,38.2542,"MELFORT_2019"
"331",2,"MELFORT","2019","Topaz","3",121,75,1,6.35,37.9658,"MELFORT_2019"
"332",3,"MELFORT","2019","AAC Prairie Sunshine","3",124,75,1,6.05,37.8628,"MELFORT_2019"
"333",1,"MELFORT","2019","FP2566","3",123,75,1,6.31,37.7804,"MELFORT_2019"
"334",1,"MELFORT","2019","FP2595","3",126,73,1,6.71,37.6362,"MELFORT_2019"
"335",2,"MELFORT","2019","CDC Rowland","3",129,70,1,7.42,37.5744,"MELFORT_2019"
"336",2,"MELFORT","2019","FP2590","3",128,75,1,7.07,37.492,"MELFORT_2019"
"337",1,"MELFORT","2019","CDC Bethune","3",119,71,1,6.39,37.2448,"MELFORT_2019"
"338",1,"MELFORT","2019","FP2590","3",125,73,1,7.07,37.1624,"MELFORT_2019"
"339",3,"MELFORT","2019","ND Hammond","3",126,80,1,5.83,37.0388,"MELFORT_2019"
"340",2,"MELFORT","2019","CDC Bethune","3",117,80,1,6.37,37.0182,"MELFORT_2019"
"341",1,"MELFORT","2019","FP2593","3",126,73,1,7.54,36.8122,"MELFORT_2019"
"342",1,"MELFORT","2019","Topaz","3",120,72,1,6.37,36.6268,"MELFORT_2019"
"343",1,"MELFORT","2019","FP2573","3",123,76,1,6.74,36.565,"MELFORT_2019"
"344",2,"MELFORT","2019","AAC Bright","3",124,77,1,6.45,36.256,"MELFORT_2019"
"345",1,"MELFORT","2019","AAC Bright","3",121,70,1,6.27,35.9882,"MELFORT_2019"
"346",1,"MELFORT","2019","FP2589","3",122,72,1,7.14,35.7822,"MELFORT_2019"
"347",1,"MELFORT","2019","CDC Glas","3",119,76,1,5.71,35.7616,"MELFORT_2019"
"348",2,"MELFORT","2019","AAC Prairie Sunshine","3",126,78,1,6.13,35.741,"MELFORT_2019"
"349",1,"MELFORT","2019","AAC Prairie Sunshine","3",126,75,1,6.03,35.2672,"MELFORT_2019"
"350",1,"MELFORT","2019","FP2591","3",124,70,1,6.6,34.9376,"MELFORT_2019"
"351",2,"MELFORT","2019","FP2567","3",124,76,1,7.08,34.6698,"MELFORT_2019"
"352",2,"MELFORT","2019","ND Hammond","3",126,80,1,5.69,33.4338,"MELFORT_2019"
"353",1,"MELFORT","2019","ND Hammond","3",125,78,1,5.61,33.0218,"MELFORT_2019"
"354",2,"MELFORT","2019","CDC Buryu","3",123,75,1,6.51,32.3832,"MELFORT_2019"
"355",3,"MELFORT","2019","CDC Dorado","3",115,63,1,6.18,32.3832,"MELFORT_2019"
"356",2,"MELFORT","2019","CDC Dorado","3",123,60,1,6.46,32.342,"MELFORT_2019"
"357",1,"MELFORT","2019","CDC Dorado","3",122,65,1,6.39,30.8382,"MELFORT_2019"
"358",1,"MELFORT","2019","CDC Buryu","3",119,78,1,6.26,30.3026,"MELFORT_2019"
"359",1,"MELFORT","2019","FP2567","3",119,78,1,6.9,30.282,"MELFORT_2019"
"360",3,"MELFORT","2019","CDC Rowland","3",128,68,1,7.25,NA,"MELFORT_2019"
"361",1,"MELITA","2019","FP2593","1",95,63,1,6.14,33.0845542459373,"MELITA_2019"
"362",2,"MELITA","2019","FP2573","1",95,55,1,5.43,32.9155868696685,"MELITA_2019"
"363",2,"MELITA","2019","FP2590","1",95,53,1,5.7,32.1231445110848,"MELITA_2019"
"364",1,"MELITA","2019","FP2595","1",95,59,2,5.41,31.6348082367584,"MELITA_2019"
"365",1,"MELITA","2019","FP2594","1",95,60,1,5.64,31.0052219321149,"MELITA_2019"
"366",2,"MELITA","2019","FP2594","1",95,67,2,5.24,30.7323808718686,"MELITA_2019"
"367",2,"MELITA","2019","FP2567","1",95,59,1,5.62,30.572085760108,"MELITA_2019"
"368",2,"MELITA","2019","FP2592","1",94,56,2,6.01,30.4515850596359,"MELITA_2019"
"369",2,"MELITA","2019","CDC Rowland","1",95,54,1,5.83,30.3870016513329,"MELITA_2019"
"370",2,"MELITA","2019","FP2591","1",94,52,1,5.46,30.1680840084263,"MELITA_2019"
"371",1,"MELITA","2019","FP2590","1",95,58,1,5.49,29.8203295484166,"MELITA_2019"
"372",1,"MELITA","2019","FP2591","1",95,62,2,5.68,29.7942959085938,"MELITA_2019"
"373",2,"MELITA","2019","FP2566","1",95,63,2,5.16,29.7188381792202,"MELITA_2019"
"374",2,"MELITA","2019","CDC Glas","1",92,53,2,4.91,29.3766956739302,"MELITA_2019"
"375",3,"MELITA","2019","FP2594","1",96,58,2,5.4,29.181442357118,"MELITA_2019"
"376",1,"MELITA","2019","FP2592","1",95,61,1,6.27,29.1507549252296,"MELITA_2019"
"377",2,"MELITA","2019","FP2593","1",94,59,2,5.8,29.1429061024902,"MELITA_2019"
"378",1,"MELITA","2019","FP2566","1",93,61,1,5.13,28.9935012019721,"MELITA_2019"
"379",2,"MELITA","2019","ND Hammond","1",96,69,1,5.03,28.9088299346276,"MELITA_2019"
"380",2,"MELITA","2019","FP2589","1",95,58,1,5.84,28.7619957697063,"MELITA_2019"
"381",1,"MELITA","2019","FP2567","1",95,63,1,5.64,28.6520128388763,"MELITA_2019"
"382",1,"MELITA","2019","CDC Dorado","1",94,57,2,5.53,28.5301026762954,"MELITA_2019"
"383",3,"MELITA","2019","FP2591","1",96,53,3,5.77,28.4513614815646,"MELITA_2019"
"384",1,"MELITA","2019","CDC Bethune","1",93,51,1,5.28,28.4194500756186,"MELITA_2019"
"385",2,"MELITA","2019","CDC Buryu","1",95,66,1,5.56,28.3253205128205,"MELITA_2019"
"386",2,"MELITA","2019","CDC Bethune","1",92,50,2,5.26,28.2750091932564,"MELITA_2019"
"387",2,"MELITA","2019","FP2595","1",95,67,2,5.24,28.2055355899216,"MELITA_2019"
"388",2,"MELITA","2019","AAC Marvelous","1",95,65,1,5.22,28.1385517827862,"MELITA_2019"
"389",1,"MELITA","2019","AAC Prairie Sunshine","1",95,62,1,5,28.0538614504688,"MELITA_2019"
"390",3,"MELITA","2019","FP2573","1",95,62,1,5.31,28.0482075744435,"MELITA_2019"
"391",2,"MELITA","2019","Topaz","1",92,64,1,5.27,27.8491598188568,"MELITA_2019"
"392",2,"MELITA","2019","AAC Bright","1",92,53,1,5.35,27.7796249651141,"MELITA_2019"
"393",2,"MELITA","2019","AAC Prairie Sunshine","1",95,61,1,4.98,27.6994453741595,"MELITA_2019"
"394",1,"MELITA","2019","FP2589","1",95,57,1,5.96,27.5258512570871,"MELITA_2019"
"395",1,"MELITA","2019","ND Hammond","1",95,60,1,5.07,27.2850488821865,"MELITA_2019"
"396",3,"MELITA","2019","AAC Prairie Sunshine","1",98,67,1,4.9,27.2848685116343,"MELITA_2019"
"397",3,"MELITA","2019","CDC Rowland","1",96,57,3,5.74,27.2723294385366,"MELITA_2019"
"398",1,"MELITA","2019","CDC Rowland","1",95,65,1,5.9,27.1715674748272,"MELITA_2019"
"399",2,"MELITA","2019","CDC Dorado","1",92,47,3,5.39,27.0419134235759,"MELITA_2019"
"400",3,"MELITA","2019","Topaz","1",93,65,2,5.28,27.0253884753857,"MELITA_2019"
"401",3,"MELITA","2019","FP2566","1",93,58,1,5.06,27.0081417351737,"MELITA_2019"
"402",1,"MELITA","2019","CDC Glas","1",95,61,1,4.94,26.6837853483022,"MELITA_2019"
"403",1,"MELITA","2019","FP2573","1",95,68,1,5.48,26.6034826675292,"MELITA_2019"
"404",1,"MELITA","2019","CDC Buryu","1",95,66,1,5.51,26.5090778318292,"MELITA_2019"
"405",3,"MELITA","2019","CDC Bethune","1",93,60,2,5.27,26.5016683066495,"MELITA_2019"
"406",3,"MELITA","2019","FP2590","1",95,56,1,5.43,26.0646752491642,"MELITA_2019"
"407",3,"MELITA","2019","AAC Marvelous","1",99,57,1,5.55,26.039599775814,"MELITA_2019"
"408",3,"MELITA","2019","CDC Dorado","1",93,51,3,5.56,25.9937251157948,"MELITA_2019"
"409",3,"MELITA","2019","FP2593","1",96,56,2,5.8,25.7117366324921,"MELITA_2019"
"410",3,"MELITA","2019","FP2595","1",95,54,2,5.11,25.6735359596176,"MELITA_2019"
"411",1,"MELITA","2019","AAC Marvelous","1",95,57,1,5.44,25.658974386573,"MELITA_2019"
"412",3,"MELITA","2019","ND Hammond","1",100,60,1,5.14,25.3383302597641,"MELITA_2019"
"413",3,"MELITA","2019","FP2589","1",98,60,1,6.01,25.3010532854708,"MELITA_2019"
"414",3,"MELITA","2019","CDC Glas","1",98,68,1,4.98,24.9947832220073,"MELITA_2019"
"415",3,"MELITA","2019","FP2592","1",95,58,2,6.03,24.9911629551078,"MELITA_2019"
"416",1,"MELITA","2019","AAC Bright","1",95,60,1,5.4,24.9605225380419,"MELITA_2019"
"417",3,"MELITA","2019","CDC Buryu","1",95,62,2,5.54,24.7481775160161,"MELITA_2019"
"418",1,"MELITA","2019","Topaz","1",95,59,1,5.33,24.6055926724371,"MELITA_2019"
"419",3,"MELITA","2019","FP2567","1",95,59,1,5.56,24.4624510033236,"MELITA_2019"
"420",3,"MELITA","2019","AAC Bright","1",95,62,2,5.47,24.0440369847986,"MELITA_2019"
"421",2,"REDVERS","2019","FP2591","1",106,54,1,6.29,31.1965811965812,"REDVERS_2019"
"422",2,"REDVERS","2019","FP2594","1",105,57,1,6.07,30.982905982906,"REDVERS_2019"
"423",2,"REDVERS","2019","FP2566","1",104,57,1,5.27,30.5555555555556,"REDVERS_2019"
"424",2,"REDVERS","2019","FP2592","1",104,59,1,6.42,30.5555555555556,"REDVERS_2019"
"425",2,"REDVERS","2019","FP2593","1",97,59,1,6.28,29.2735042735043,"REDVERS_2019"
"426",1,"REDVERS","2019","FP2591","1",102,52,1,6.06,28.2051282051282,"REDVERS_2019"
"427",2,"REDVERS","2019","CDC Glas","1",93,60.5,1,4.73,27.7777777777778,"REDVERS_2019"
"428",1,"REDVERS","2019","FP2592","1",96,58,1,6.12,27.7777777777778,"REDVERS_2019"
"429",1,"REDVERS","2019","FP2566","1",95,53,1,5.06,27.3504273504274,"REDVERS_2019"
"430",2,"REDVERS","2019","AAC Prairie Sunshine","1",94,60.5,1,4.97,27.1367521367521,"REDVERS_2019"
"431",1,"REDVERS","2019","AAC Marvelous","1",96,63,1,5.3,26.4957264957265,"REDVERS_2019"
"432",3,"REDVERS","2019","FP2591","1",102,52,1,6.2,26.4957264957265,"REDVERS_2019"
"433",1,"REDVERS","2019","FP2595","1",97,57,1,5.46,26.4957264957265,"REDVERS_2019"
"434",2,"REDVERS","2019","FP2595","1",97,51,1,5.54,26.4957264957265,"REDVERS_2019"
"435",1,"REDVERS","2019","FP2589","1",95,59,1,6.14,26.2820512820513,"REDVERS_2019"
"436",1,"REDVERS","2019","FP2590","1",94,61,1,5.66,26.2820512820513,"REDVERS_2019"
"437",2,"REDVERS","2019","FP2590","1",99,54,1,5.8,26.2820512820513,"REDVERS_2019"
"438",1,"REDVERS","2019","FP2594","1",93,59,1,5.69,26.0683760683761,"REDVERS_2019"
"439",1,"REDVERS","2019","Topaz","1",94,52,1,5.34,25.8547008547009,"REDVERS_2019"
"440",2,"REDVERS","2019","FP2567","1",97,65,1,5.55,25.6410256410256,"REDVERS_2019"
"441",2,"REDVERS","2019","Topaz","1",96,61,1,5.19,25.6410256410256,"REDVERS_2019"
"442",3,"REDVERS","2019","FP2594","1",97,54,1,5.52,25.2136752136752,"REDVERS_2019"
"443",2,"REDVERS","2019","AAC Bright","1",98,61,1,5.01,25,"REDVERS_2019"
"444",3,"REDVERS","2019","FP2593","1",95,57,1,6.17,25,"REDVERS_2019"
"445",1,"REDVERS","2019","AAC Prairie Sunshine","1",98,57,1,5.04,24.7863247863248,"REDVERS_2019"
"446",2,"REDVERS","2019","CDC Buryu","1",91,59.5,1,5.3,24.7863247863248,"REDVERS_2019"
"447",2,"REDVERS","2019","FP2589","1",97,58,1,6.12,24.5726495726496,"REDVERS_2019"
"448",3,"REDVERS","2019","FP2592","1",102,59,1,6.11,24.5726495726496,"REDVERS_2019"
"449",1,"REDVERS","2019","CDC Buryu","1",95,56,1,5.08,24.3589743589744,"REDVERS_2019"
"450",2,"REDVERS","2019","FP2573","1",92,59,1,5.35,24.3589743589744,"REDVERS_2019"
"451",2,"REDVERS","2019","CDC Bethune","1",92,54,1,5.22,24.1452991452991,"REDVERS_2019"
"452",3,"REDVERS","2019","FP2590","1",92,58,1,5.94,24.1452991452991,"REDVERS_2019"
"453",3,"REDVERS","2019","FP2573","1",92,58,1,5.47,23.9316239316239,"REDVERS_2019"
"454",1,"REDVERS","2019","ND Hammond","1",93,64,1,4.8,23.7179487179487,"REDVERS_2019"
"455",3,"REDVERS","2019","Topaz","1",94,57,1,5.29,23.7179487179487,"REDVERS_2019"
"456",1,"REDVERS","2019","FP2567","1",99,58,1,5.44,23.5042735042735,"REDVERS_2019"
"457",1,"REDVERS","2019","CDC Bethune","1",93,57,1,5.06,23.2905982905983,"REDVERS_2019"
"458",3,"REDVERS","2019","FP2595","1",91,53.5,1,5.45,23.2905982905983,"REDVERS_2019"
"459",3,"REDVERS","2019","CDC Bethune","1",93,65,1,5.57,23.0769230769231,"REDVERS_2019"
"460",1,"REDVERS","2019","CDC Rowland","1",103,63,1,6.06,23.0769230769231,"REDVERS_2019"
"461",3,"REDVERS","2019","FP2566","1",92,58.5,1,5.13,23.0769230769231,"REDVERS_2019"
"462",3,"REDVERS","2019","FP2589","1",97,58,1,6.27,23.0769230769231,"REDVERS_2019"
"463",1,"REDVERS","2019","FP2593","1",101,51,1,6.1,23.0769230769231,"REDVERS_2019"
"464",2,"REDVERS","2019","AAC Marvelous","1",105,62,1,5.4,22.8632478632479,"REDVERS_2019"
"465",3,"REDVERS","2019","FP2567","1",99,59.5,1,5.92,22.8632478632479,"REDVERS_2019"
"466",2,"REDVERS","2019","CDC Dorado","1",91,46,1,5.52,22.6495726495727,"REDVERS_2019"
"467",1,"REDVERS","2019","CDC Glas","1",93,56,1,4.69,22.6495726495727,"REDVERS_2019"
"468",2,"REDVERS","2019","CDC Rowland","1",103,56,1,6.08,22.6495726495727,"REDVERS_2019"
"469",1,"REDVERS","2019","AAC Bright","1",97,58,1,5.07,22.4358974358974,"REDVERS_2019"
"470",3,"REDVERS","2019","CDC Glas","1",94,55.5,1,4.84,22.4358974358974,"REDVERS_2019"
"471",3,"REDVERS","2019","AAC Marvelous","1",101,60,1,5.3,22.2222222222222,"REDVERS_2019"
"472",1,"REDVERS","2019","FP2573","1",93,55,1,5.28,22.008547008547,"REDVERS_2019"
"473",3,"REDVERS","2019","CDC Rowland","1",94,57,1,5.99,21.5811965811966,"REDVERS_2019"
"474",1,"REDVERS","2019","CDC Dorado","1",91,49,1,5.24,20.9401709401709,"REDVERS_2019"
"475",3,"REDVERS","2019","AAC Bright","1",102,60.5,1,5.34,20.2991452991453,"REDVERS_2019"
"476",3,"REDVERS","2019","CDC Dorado","1",91,59,1,5.31,20.0854700854701,"REDVERS_2019"
"477",2,"REDVERS","2019","ND Hammond","1",98,64,1,4.64,19.6581196581197,"REDVERS_2019"
"478",3,"REDVERS","2019","CDC Buryu","1",92,53,1,5.2,19.017094017094,"REDVERS_2019"
"479",3,"REDVERS","2019","AAC Prairie Sunshine","1",99,59,1,5.09,18.8034188034188,"REDVERS_2019"
"480",3,"REDVERS","2019","ND Hammond","1",101,57,1,5.05,17.3076923076923,"REDVERS_2019"
"481",3,"ROBLIN","2019","FP2593","3",104,53,1,6.62,29.5001263104711,"ROBLIN_2019"
"482",1,"ROBLIN","2019","FP2595","3",119,53,1,6.26,28.0393772893773,"ROBLIN_2019"
"483",3,"ROBLIN","2019","FP2566","3",119,58,1,5.92,27.9273566190402,"ROBLIN_2019"
"484",3,"ROBLIN","2019","FP2590","3",119,48.5,1,6.49,27.070762912652,"ROBLIN_2019"
"485",2,"ROBLIN","2019","FP2593","3",119,58,1,6.89,26.9731354863738,"ROBLIN_2019"
"486",3,"ROBLIN","2019","FP2592","3",119,59.5,1,6.82,26.8549912147473,"ROBLIN_2019"
"487",3,"ROBLIN","2019","FP2573","3",114,58,1,6.19,26.749367471017,"ROBLIN_2019"
"488",1,"ROBLIN","2019","FP2573","3",104,58.5,1,6.19,26.0478118372855,"ROBLIN_2019"
"489",3,"ROBLIN","2019","FP2567","3",111,59.5,1,6.45,26.0299306938818,"ROBLIN_2019"
"490",3,"ROBLIN","2019","FP2591","3",118,53.5,1,6.25,25.6623076923077,"ROBLIN_2019"
"491",2,"ROBLIN","2019","FP2591","3",119,55,1,6.44,25.544706959707,"ROBLIN_2019"
"492",2,"ROBLIN","2019","FP2592","3",105,53,1,6.75,25.4386813186813,"ROBLIN_2019"
"493",2,"ROBLIN","2019","CDC Buryu","3",118,63.5,1,6.01,25.3420699383432,"ROBLIN_2019"
"494",1,"ROBLIN","2019","FP2591","3",119,54,1,6.55,25.0429846184563,"ROBLIN_2019"
"495",3,"ROBLIN","2019","Topaz","3",119,60,1,5.81,25.00104020388,"ROBLIN_2019"
"496",3,"ROBLIN","2019","FP2594","3",119,60,1,6.3,24.810815056631,"ROBLIN_2019"
"497",2,"ROBLIN","2019","FP2573","3",106,57.5,1,6.14,24.3718740329742,"ROBLIN_2019"
"498",1,"ROBLIN","2019","FP2566","3",102,57.5,1,5.73,24.0895718864469,"ROBLIN_2019"
"499",3,"ROBLIN","2019","CDC Bethune","3",104,57,1,5.89,24.0423807229653,"ROBLIN_2019"
"500",1,"ROBLIN","2019","FP2594","3",119,58.5,1,6.37,23.516843340026,"ROBLIN_2019"
"501",2,"ROBLIN","2019","CDC Rowland","3",119,60,1,6.68,23.5052043665905,"ROBLIN_2019"
"502",2,"ROBLIN","2019","FP2595","3",109,54,1,6.16,23.4880499038915,"ROBLIN_2019"
"503",1,"ROBLIN","2019","FP2592","3",119,51.5,1,6.67,23.3845354381069,"ROBLIN_2019"
"504",2,"ROBLIN","2019","FP2589","3",119,54,1,6.77,23.2164923429984,"ROBLIN_2019"
"505",1,"ROBLIN","2019","ND Hammond","3",110,58.5,1,5.47,23.1213253020719,"ROBLIN_2019"
"506",1,"ROBLIN","2019","CDC Bethune","3",97,57.5,1,5.88,23.115884799663,"ROBLIN_2019"
"507",3,"ROBLIN","2019","AAC Marvelous","3",118,54,1,6.16,22.9504746953727,"ROBLIN_2019"
"508",3,"ROBLIN","2019","CDC Buryu","3",105,58,1,5.83,22.6838797121816,"ROBLIN_2019"
"509",1,"ROBLIN","2019","AAC Marvelous","3",119,59,1,5.99,22.6711412340155,"ROBLIN_2019"
"510",3,"ROBLIN","2019","AAC Bright","3",115,59,1,5.61,22.6097968562327,"ROBLIN_2019"
"511",2,"ROBLIN","2019","AAC Marvelous","3",119,62.5,1,6.07,22.4738461538462,"ROBLIN_2019"
"512",1,"ROBLIN","2019","FP2590","3",119,51.5,1,6.29,22.4722210204494,"ROBLIN_2019"
"513",3,"ROBLIN","2019","AAC Prairie Sunshine","3",119,62.5,1,5.56,22.2905340273761,"ROBLIN_2019"
"514",1,"ROBLIN","2019","FP2567","3",118,57,1,6.24,22.2461218615065,"ROBLIN_2019"
"515",1,"ROBLIN","2019","CDC Buryu","3",119,62.5,1,5.86,22.2089022089022,"ROBLIN_2019"
"516",3,"ROBLIN","2019","FP2589","3",119,59.5,1,6.62,22.019367157665,"ROBLIN_2019"
"517",3,"ROBLIN","2019","CDC Rowland","3",119,57,1,6.55,21.7138803819132,"ROBLIN_2019"
"518",2,"ROBLIN","2019","FP2566","3",118,60,1,5.52,21.2215829357283,"ROBLIN_2019"
"519",3,"ROBLIN","2019","FP2595","3",119,56.5,1,5.8,21.2081043956044,"ROBLIN_2019"
"520",3,"ROBLIN","2019","CDC Dorado","3",110,51.5,1,6.15,21.1377041038058,"ROBLIN_2019"
"521",2,"ROBLIN","2019","Topaz","3",106,59,1,5.71,21.1265942892449,"ROBLIN_2019"
"522",2,"ROBLIN","2019","CDC Bethune","3",106,62.5,1,5.87,21.1184854749211,"ROBLIN_2019"
"523",1,"ROBLIN","2019","FP2593","3",118,58.5,1,6.69,21.0851648351648,"ROBLIN_2019"
"524",2,"ROBLIN","2019","ND Hammond","3",99,52,1,5.4,20.5862667003051,"ROBLIN_2019"
"525",2,"ROBLIN","2019","AAC Prairie Sunshine","3",119,59.5,1,5.66,20.4378987219224,"ROBLIN_2019"
"526",3,"ROBLIN","2019","CDC Glas","3",111,58.5,1,5.19,20.4055738076357,"ROBLIN_2019"
"527",1,"ROBLIN","2019","FP2589","3",114,56.5,1,6.74,20.3866583514333,"ROBLIN_2019"
"528",1,"ROBLIN","2019","AAC Bright","3",101,60.5,1,5.56,20.0299495586381,"ROBLIN_2019"
"529",2,"ROBLIN","2019","FP2567","3",114,57.5,1,5.96,20.0223707488237,"ROBLIN_2019"
"530",2,"ROBLIN","2019","FP2594","3",103,51,1,6.06,19.9842490842491,"ROBLIN_2019"
"531",2,"ROBLIN","2019","CDC Glas","3",104,66,1,5.4,19.5992940932212,"ROBLIN_2019"
"532",1,"ROBLIN","2019","CDC Dorado","3",99,47.5,1,6.07,19.4675669983678,"ROBLIN_2019"
"533",3,"ROBLIN","2019","ND Hammond","3",102,57.5,1,5.32,19.2390166769049,"ROBLIN_2019"
"534",1,"ROBLIN","2019","CDC Glas","3",111,56.5,1,5.16,18.581182131478,"ROBLIN_2019"
"535",2,"ROBLIN","2019","CDC Dorado","3",103,47,1,6.1,17.4421049964528,"ROBLIN_2019"
"536",1,"ROBLIN","2019","CDC Rowland","3",101,54,1,6.27,16.301510989011,"ROBLIN_2019"
"537",1,"ROBLIN","2019","Topaz","3",97,59,1,5.49,15.48004626952,"ROBLIN_2019"
"538",2,"ROBLIN","2019","AAC Bright","3",118,55,1,5.77,NA,"ROBLIN_2019"
"539",1,"ROBLIN","2019","AAC Prairie Sunshine","3",106,58.5,1,6.16,NA,"ROBLIN_2019"
"540",2,"ROBLIN","2019","FP2590","3",111,54.5,1,6.08,NA,"ROBLIN_2019"
"541",3,"SASKATOON","2019","CDC Rowland","2",137,55,2,7.04,28.2779,"SASKATOON_2019"
"542",3,"SASKATOON","2019","FP2592","2",141,57,1,6.88,28.0789,"SASKATOON_2019"
"543",1,"SASKATOON","2019","CDC Bethune","2",136,71,1,5.91,27.8799,"SASKATOON_2019"
"544",3,"SASKATOON","2019","FP2566","2",140,62,3,5.92,27.7207,"SASKATOON_2019"
"545",1,"SASKATOON","2019","Topaz","2",136,69,1,5.68,27.4222,"SASKATOON_2019"
"546",3,"SASKATOON","2019","AAC Bright","2",139,59,1,5.84,27.4023,"SASKATOON_2019"
"547",3,"SASKATOON","2019","FP2567","2",139,65,2,6.47,27.0441,"SASKATOON_2019"
"548",1,"SASKATOON","2019","FP2592","2",144,70,1,6.68,26.8451,"SASKATOON_2019"
"549",3,"SASKATOON","2019","FP2591","2",141,61,2,6.63,26.7655,"SASKATOON_2019"
"550",3,"SASKATOON","2019","FP2589","2",141,61,2,6.72,26.6461,"SASKATOON_2019"
"551",2,"SASKATOON","2019","FP2566","2",137,63,3,5.94,26.6063,"SASKATOON_2019"
"552",2,"SASKATOON","2019","FP2591","2",139,62,2,6.52,26.467,"SASKATOON_2019"
"553",3,"SASKATOON","2019","FP2590","2",140,64,2,6.44,26.4471,"SASKATOON_2019"
"554",3,"SASKATOON","2019","CDC Bethune","2",138,58,1,5.91,26.2282,"SASKATOON_2019"
"555",3,"SASKATOON","2019","Topaz","2",142,65,2,5.91,26.1088,"SASKATOON_2019"
"556",3,"SASKATOON","2019","FP2594","2",144,64,3,6.35,26.069,"SASKATOON_2019"
"557",1,"SASKATOON","2019","FP2591","2",138,62,1,6.6,25.9496,"SASKATOON_2019"
"558",3,"SASKATOON","2019","CDC Dorado","2",136,56,3,6.27,25.8899,"SASKATOON_2019"
"559",1,"SASKATOON","2019","FP2589","2",139,62,2,6.65,25.7108,"SASKATOON_2019"
"560",2,"SASKATOON","2019","Topaz","2",137,65,2,5.9,25.6113,"SASKATOON_2019"
"561",3,"SASKATOON","2019","CDC Buryu","2",141,62,2,6.11,25.5317,"SASKATOON_2019"
"562",2,"SASKATOON","2019","CDC Bethune","2",137,65,1,5.93,25.4919,"SASKATOON_2019"
"563",2,"SASKATOON","2019","CDC Rowland","2",139,60,2,6.92,25.4919,"SASKATOON_2019"
"564",1,"SASKATOON","2019","FP2566","2",138,63,1,5.77,25.3128,"SASKATOON_2019"
"565",1,"SASKATOON","2019","FP2595","2",141,61,1,6.27,25.3128,"SASKATOON_2019"
"566",2,"SASKATOON","2019","FP2589","2",139,62,2,6.88,25.1934,"SASKATOON_2019"
"567",3,"SASKATOON","2019","FP2593","2",142,64,2,6.9,25.1735,"SASKATOON_2019"
"568",1,"SASKATOON","2019","CDC Buryu","2",137,69,1,5.78,25.1138,"SASKATOON_2019"
"569",1,"SASKATOON","2019","CDC Dorado","2",134,55,2,6.17,25.1138,"SASKATOON_2019"
"570",2,"SASKATOON","2019","FP2590","2",141,62,2,6.56,25.0939,"SASKATOON_2019"
"571",2,"SASKATOON","2019","CDC Glas","2",139,57,1,5.38,24.9745,"SASKATOON_2019"
"572",1,"SASKATOON","2019","FP2593","2",140,62,2,6.74,24.9347,"SASKATOON_2019"
"573",1,"SASKATOON","2019","AAC Marvelous","2",139,63,2,6.13,24.875,"SASKATOON_2019"
"574",3,"SASKATOON","2019","AAC Marvelous","2",139,62,2,6.12,24.875,"SASKATOON_2019"
"575",3,"SASKATOON","2019","CDC Glas","2",139,66,1,5.43,24.7158,"SASKATOON_2019"
"576",1,"SASKATOON","2019","FP2590","2",140,60,2,6.34,24.7158,"SASKATOON_2019"
"577",2,"SASKATOON","2019","AAC Marvelous","2",140,63,2,6.14,24.6959,"SASKATOON_2019"
"578",1,"SASKATOON","2019","CDC Glas","2",138,66,2,5.3,24.6959,"SASKATOON_2019"
"579",3,"SASKATOON","2019","FP2573","2",140,60,3,6.05,24.4969,"SASKATOON_2019"
"580",2,"SASKATOON","2019","FP2593","2",142,66,1,6.97,24.4173,"SASKATOON_2019"
"581",2,"SASKATOON","2019","FP2592","2",144,68,1,6.8,24.278,"SASKATOON_2019"
"582",2,"SASKATOON","2019","FP2573","2",142,65,3,6.23,24.1984,"SASKATOON_2019"
"583",1,"SASKATOON","2019","FP2567","2",140,65,2,6.56,24.1785,"SASKATOON_2019"
"584",1,"SASKATOON","2019","AAC Bright","2",139,65,1,5.86,23.9397,"SASKATOON_2019"
"585",3,"SASKATOON","2019","FP2595","2",142,61,1,6.21,23.7606,"SASKATOON_2019"
"586",1,"SASKATOON","2019","CDC Rowland","2",141,64,1,6.84,23.5019,"SASKATOON_2019"
"587",1,"SASKATOON","2019","AAC Prairie Sunshine","2",140,61,2,5.65,22.7258,"SASKATOON_2019"
"588",1,"SASKATOON","2019","FP2573","2",139,65,2,6.01,22.5865,"SASKATOON_2019"
"589",2,"SASKATOON","2019","FP2595","2",142,65,1,6.18,22.5865,"SASKATOON_2019"
"590",2,"SASKATOON","2019","CDC Dorado","2",135,56,3,6.15,22.4074,"SASKATOON_2019"
"591",2,"SASKATOON","2019","AAC Bright","2",140,66,1,5.8,22.3079,"SASKATOON_2019"
"592",1,"SASKATOON","2019","FP2594","2",141,60,1,6.26,22.1686,"SASKATOON_2019"
"593",2,"SASKATOON","2019","CDC Buryu","2",140,59,2,5.88,22.1089,"SASKATOON_2019"
"594",3,"SASKATOON","2019","AAC Prairie Sunshine","2",141,65,2,5.61,21.9099,"SASKATOON_2019"
"595",2,"SASKATOON","2019","FP2594","2",142,64,1,6.3,21.89,"SASKATOON_2019"
"596",1,"SASKATOON","2019","ND Hammond","2",143,72,1,5.43,21.5119,"SASKATOON_2019"
"597",2,"SASKATOON","2019","AAC Prairie Sunshine","2",142,64,1,5.61,20.7756,"SASKATOON_2019"
"598",2,"SASKATOON","2019","ND Hammond","2",140,60,1,5.58,20.3776,"SASKATOON_2019"
"599",3,"SASKATOON","2019","ND Hammond","2",140,64,1,5.48,19.5816,"SASKATOON_2019"
"600",2,"SASKATOON","2019","FP2567","2",142,69,2,6.26,18.2682,"SASKATOON_2019"
"601",1,"SCOTT","2019","FP2590","2",129,59,NA,7.67,46.751875,"SCOTT_2019"
"602",1,"SCOTT","2019","FP2594","2",133,60.5,NA,7.81,45.885735,"SCOTT_2019"
"603",2,"SCOTT","2019","FP2594","2",132,63.5,NA,7.61,45.806995,"SCOTT_2019"
"604",3,"SCOTT","2019","FP2595","2",130,67,NA,7.2,45.767625,"SCOTT_2019"
"605",2,"SCOTT","2019","FP2567","2",131,62,NA,7.54,45.688885,"SCOTT_2019"
"606",3,"SCOTT","2019","FP2573","2",126,62.5,NA,7.35,44.783375,"SCOTT_2019"
"607",1,"SCOTT","2019","FP2589","2",128,57.5,NA,8.19,44.507785,"SCOTT_2019"
"608",1,"SCOTT","2019","CDC Rowland","2",130,61.5,NA,8.22,43.58259,"SCOTT_2019"
"609",1,"SCOTT","2019","FP2591","2",132,58.5,NA,7.9,42.71645,"SCOTT_2019"
"610",2,"SCOTT","2019","FP2595","2",129,63.5,NA,7.42,42.63771,"SCOTT_2019"
"611",2,"SCOTT","2019","FP2592","2",132,65,NA,8.16,42.5196,"SCOTT_2019"
"612",2,"SCOTT","2019","FP2591","2",130,59,NA,7.82,42.303065,"SCOTT_2019"
"613",3,"SCOTT","2019","FP2589","2",125,63,NA,8.02,42.20464,"SCOTT_2019"
"614",3,"SCOTT","2019","FP2594","2",129,62.5,NA,7.52,41.96842,"SCOTT_2019"
"615",1,"SCOTT","2019","FP2567","2",129,58,NA,7.46,41.77157,"SCOTT_2019"
"616",3,"SCOTT","2019","FP2566","2",124,60,NA,6.98,41.751885,"SCOTT_2019"
"617",3,"SCOTT","2019","FP2592","2",127,63,NA,7.98,41.3385,"SCOTT_2019"
"618",2,"SCOTT","2019","FP2589","2",127,61.5,NA,8.12,41.318815,"SCOTT_2019"
"619",3,"SCOTT","2019","CDC Rowland","2",126,58,NA,8.03,41.161335,"SCOTT_2019"
"620",1,"SCOTT","2019","FP2593","2",132,59.5,NA,8.29,40.373935,"SCOTT_2019"
"621",3,"SCOTT","2019","FP2593","2",126,60,NA,8.11,40.03929,"SCOTT_2019"
"622",1,"SCOTT","2019","FP2573","2",129,63.5,NA,7.54,39.96055,"SCOTT_2019"
"623",1,"SCOTT","2019","FP2592","2",133,61,NA,8.19,39.901495,"SCOTT_2019"
"624",3,"SCOTT","2019","AAC Marvelous","2",124,64.5,NA,6.99,39.29126,"SCOTT_2019"
"625",3,"SCOTT","2019","FP2590","2",127,58,NA,7.53,39.192835,"SCOTT_2019"
"626",1,"SCOTT","2019","FP2595","2",132,60,NA,7.59,38.956615,"SCOTT_2019"
"627",2,"SCOTT","2019","FP2590","2",130,52.5,NA,7.55,38.838505,"SCOTT_2019"
"628",1,"SCOTT","2019","FP2566","2",122,54,NA,6.94,38.50386,"SCOTT_2019"
"629",1,"SCOTT","2019","AAC Prairie Sunshine","2",131,62.5,NA,6.48,38.287325,"SCOTT_2019"
"630",3,"SCOTT","2019","AAC Prairie Sunshine","2",131,61,NA,6.41,38.169215,"SCOTT_2019"
"631",2,"SCOTT","2019","AAC Marvelous","2",127,62.5,NA,7.14,38.14953,"SCOTT_2019"
"632",1,"SCOTT","2019","CDC Glas","2",123,59,NA,6.27,38.14953,"SCOTT_2019"
"633",2,"SCOTT","2019","CDC Glas","2",125,58.5,NA,6.38,38.11016,"SCOTT_2019"
"634",2,"SCOTT","2019","AAC Bright","2",131,65.5,NA,6.85,38.090475,"SCOTT_2019"
"635",3,"SCOTT","2019","FP2567","2",128,64,NA,7.48,38.090475,"SCOTT_2019"
"636",2,"SCOTT","2019","FP2566","2",121,61,NA,7.06,37.814885,"SCOTT_2019"
"637",1,"SCOTT","2019","AAC Marvelous","2",127,57,NA,7.08,37.75583,"SCOTT_2019"
"638",3,"SCOTT","2019","FP2591","2",124,60,NA,7.67,37.499925,"SCOTT_2019"
"639",2,"SCOTT","2019","FP2593","2",130,58,NA,8.14,37.20465,"SCOTT_2019"
"640",2,"SCOTT","2019","Topaz","2",121,60,NA,6.59,36.948745,"SCOTT_2019"
"641",2,"SCOTT","2019","FP2573","2",126,62.5,NA,7.29,36.77158,"SCOTT_2019"
"642",1,"SCOTT","2019","CDC Bethune","2",122,56,NA,6.97,36.10229,"SCOTT_2019"
"643",2,"SCOTT","2019","AAC Prairie Sunshine","2",130,59,NA,6.4,36.06292,"SCOTT_2019"
"644",1,"SCOTT","2019","CDC Buryu","2",125,58.5,NA,6.88,36.06292,"SCOTT_2019"
"645",2,"SCOTT","2019","CDC Rowland","2",129,60.5,NA,8.14,35.66922,"SCOTT_2019"
"646",3,"SCOTT","2019","CDC Buryu","2",121,57.5,NA,6.88,34.980245,"SCOTT_2019"
"647",3,"SCOTT","2019","CDC Glas","2",120,55.5,NA,6.35,34.80308,"SCOTT_2019"
"648",3,"SCOTT","2019","ND Hammond","2",127,70.5,NA,5.91,34.68497,"SCOTT_2019"
"649",3,"SCOTT","2019","Topaz","2",120,60,NA,6.64,34.468435,"SCOTT_2019"
"650",2,"SCOTT","2019","CDC Bethune","2",120,57,NA,6.85,34.29127,"SCOTT_2019"
"651",1,"SCOTT","2019","AAC Bright","2",129,58,NA,6.94,33.70072,"SCOTT_2019"
"652",2,"SCOTT","2019","CDC Buryu","2",122,60.5,NA,6.87,33.405445,"SCOTT_2019"
"653",2,"SCOTT","2019","ND Hammond","2",132,68.5,NA,5.97,33.14954,"SCOTT_2019"
"654",3,"SCOTT","2019","CDC Bethune","2",123,62,NA,6.84,33.03143,"SCOTT_2019"
"655",2,"SCOTT","2019","CDC Dorado","2",131,56,NA,7.11,33.03143,"SCOTT_2019"
"656",1,"SCOTT","2019","Topaz","2",120,62,NA,6.64,32.736155,"SCOTT_2019"
"657",1,"SCOTT","2019","ND Hammond","2",129,67.5,NA,5.88,32.696785,"SCOTT_2019"
"658",3,"SCOTT","2019","CDC Dorado","2",133,53.5,NA,7.28,32.40151,"SCOTT_2019"
"659",3,"SCOTT","2019","AAC Bright","2",129,62,NA,6.95,30.51175,"SCOTT_2019"
"660",1,"SCOTT","2019","CDC Dorado","2",128,51.5,NA,7.15,29.940885,"SCOTT_2019"
"661",3,"ST_MATHIEU_DE_BELOEIL","2019","FP2595","5",NA,57.5,1,6.37,40.29952,"ST_MATHIEU_DE_BELOEIL_2019"
"662",2,"ST_MATHIEU_DE_BELOEIL","2019","FP2594","5",NA,58.5,1,6.58,39.92912,"ST_MATHIEU_DE_BELOEIL_2019"
"663",2,"ST_MATHIEU_DE_BELOEIL","2019","FP2567","5",NA,59,1,6.93,39.0772,"ST_MATHIEU_DE_BELOEIL_2019"
"664",2,"ST_MATHIEU_DE_BELOEIL","2019","CDC Rowland","5",NA,55,1,7.14,37.98452,"ST_MATHIEU_DE_BELOEIL_2019"
"665",3,"ST_MATHIEU_DE_BELOEIL","2019","FP2591","5",NA,59.5,1,6.52,37.94748,"ST_MATHIEU_DE_BELOEIL_2019"
"666",1,"ST_MATHIEU_DE_BELOEIL","2019","FP2591","5",NA,59,1,6.62,37.70672,"ST_MATHIEU_DE_BELOEIL_2019"
"667",2,"ST_MATHIEU_DE_BELOEIL","2019","FP2595","5",NA,57,1,6.57,37.63264,"ST_MATHIEU_DE_BELOEIL_2019"
"668",2,"ST_MATHIEU_DE_BELOEIL","2019","FP2573","5",NA,62,1,6.2,37.55856,"ST_MATHIEU_DE_BELOEIL_2019"
"669",2,"ST_MATHIEU_DE_BELOEIL","2019","FP2591","5",NA,57.5,1,6.55,37.54004,"ST_MATHIEU_DE_BELOEIL_2019"
"670",2,"ST_MATHIEU_DE_BELOEIL","2019","FP2593","5",NA,53.5,1,7.22,37.54004,"ST_MATHIEU_DE_BELOEIL_2019"
"671",3,"ST_MATHIEU_DE_BELOEIL","2019","CDC Rowland","5",NA,65.5,1,6.93,37.48448,"ST_MATHIEU_DE_BELOEIL_2019"
"672",1,"ST_MATHIEU_DE_BELOEIL","2019","FP2594","5",NA,55.5,1,6.58,37.48448,"ST_MATHIEU_DE_BELOEIL_2019"
"673",3,"ST_MATHIEU_DE_BELOEIL","2019","FP2573","5",NA,58,1,5.97,37.35484,"ST_MATHIEU_DE_BELOEIL_2019"
"674",3,"ST_MATHIEU_DE_BELOEIL","2019","FP2566","5",NA,57,1,5.92,37.28076,"ST_MATHIEU_DE_BELOEIL_2019"
"675",3,"ST_MATHIEU_DE_BELOEIL","2019","FP2590","5",NA,59.5,1,6.8,37.28076,"ST_MATHIEU_DE_BELOEIL_2019"
"676",3,"ST_MATHIEU_DE_BELOEIL","2019","FP2594","5",NA,58,1,6.43,37.20668,"ST_MATHIEU_DE_BELOEIL_2019"
"677",1,"ST_MATHIEU_DE_BELOEIL","2019","FP2593","5",NA,57,1,7.16,37.09556,"ST_MATHIEU_DE_BELOEIL_2019"
"678",3,"ST_MATHIEU_DE_BELOEIL","2019","FP2593","5",NA,57,1,6.83,37.09556,"ST_MATHIEU_DE_BELOEIL_2019"
"679",1,"ST_MATHIEU_DE_BELOEIL","2019","FP2566","5",NA,54.5,1,6,36.98444,"ST_MATHIEU_DE_BELOEIL_2019"
"680",2,"ST_MATHIEU_DE_BELOEIL","2019","FP2592","5",NA,61,1,6.82,36.96592,"ST_MATHIEU_DE_BELOEIL_2019"
"681",1,"ST_MATHIEU_DE_BELOEIL","2019","FP2567","5",NA,55,1,6.47,36.8548,"ST_MATHIEU_DE_BELOEIL_2019"
"682",1,"ST_MATHIEU_DE_BELOEIL","2019","FP2595","5",NA,52.5,1,6.39,36.8548,"ST_MATHIEU_DE_BELOEIL_2019"
"683",1,"ST_MATHIEU_DE_BELOEIL","2019","CDC Rowland","5",NA,55,1,6.96,36.70664,"ST_MATHIEU_DE_BELOEIL_2019"
"684",1,"ST_MATHIEU_DE_BELOEIL","2019","FP2590","5",NA,55,1,6.92,36.70664,"ST_MATHIEU_DE_BELOEIL_2019"
"685",3,"ST_MATHIEU_DE_BELOEIL","2019","FP2567","5",NA,57.5,1,6.53,36.61404,"ST_MATHIEU_DE_BELOEIL_2019"
"686",3,"ST_MATHIEU_DE_BELOEIL","2019","AAC Marvelous","5",NA,58,1,5.76,36.53996,"ST_MATHIEU_DE_BELOEIL_2019"
"687",2,"ST_MATHIEU_DE_BELOEIL","2019","CDC Glas","5",NA,60.5,1,5.59,36.52144,"ST_MATHIEU_DE_BELOEIL_2019"
"688",2,"ST_MATHIEU_DE_BELOEIL","2019","FP2590","5",NA,54,1,6.59,36.4844,"ST_MATHIEU_DE_BELOEIL_2019"
"689",2,"ST_MATHIEU_DE_BELOEIL","2019","AAC Prairie Sunshine","5",NA,59.5,1,5.62,36.42884,"ST_MATHIEU_DE_BELOEIL_2019"
"690",1,"ST_MATHIEU_DE_BELOEIL","2019","CDC Glas","5",NA,57,1,5.54,36.42884,"ST_MATHIEU_DE_BELOEIL_2019"
"691",1,"ST_MATHIEU_DE_BELOEIL","2019","AAC Marvelous","5",NA,58.5,1,5.79,36.35476,"ST_MATHIEU_DE_BELOEIL_2019"
"692",2,"ST_MATHIEU_DE_BELOEIL","2019","FP2566","5",NA,57,1,6.09,36.15104,"ST_MATHIEU_DE_BELOEIL_2019"
"693",2,"ST_MATHIEU_DE_BELOEIL","2019","FP2589","5",NA,55,1,7.34,36.09548,"ST_MATHIEU_DE_BELOEIL_2019"
"694",2,"ST_MATHIEU_DE_BELOEIL","2019","AAC Bright","5",NA,61.5,1,5.86,36.07696,"ST_MATHIEU_DE_BELOEIL_2019"
"695",1,"ST_MATHIEU_DE_BELOEIL","2019","AAC Prairie Sunshine","5",NA,54,1,5.59,36.05844,"ST_MATHIEU_DE_BELOEIL_2019"
"696",2,"ST_MATHIEU_DE_BELOEIL","2019","AAC Marvelous","5",NA,57,1,5.91,36.03992,"ST_MATHIEU_DE_BELOEIL_2019"
"697",1,"ST_MATHIEU_DE_BELOEIL","2019","FP2589","5",NA,54.5,1,7.29,36.0214,"ST_MATHIEU_DE_BELOEIL_2019"
"698",3,"ST_MATHIEU_DE_BELOEIL","2019","FP2592","5",NA,56.5,1,6.93,36.0214,"ST_MATHIEU_DE_BELOEIL_2019"
"699",1,"ST_MATHIEU_DE_BELOEIL","2019","FP2573","5",NA,57.5,1,5.93,35.72508,"ST_MATHIEU_DE_BELOEIL_2019"
"700",2,"ST_MATHIEU_DE_BELOEIL","2019","Topaz","5",NA,62,1,5.96,35.03984,"ST_MATHIEU_DE_BELOEIL_2019"
"701",2,"ST_MATHIEU_DE_BELOEIL","2019","CDC Bethune","5",NA,60,1,5.96,34.89168,"ST_MATHIEU_DE_BELOEIL_2019"
"702",3,"ST_MATHIEU_DE_BELOEIL","2019","CDC Buryu","5",NA,65,1,5.79,34.74352,"ST_MATHIEU_DE_BELOEIL_2019"
"703",3,"ST_MATHIEU_DE_BELOEIL","2019","FP2589","5",NA,57.5,1,7.23,34.6324,"ST_MATHIEU_DE_BELOEIL_2019"
"704",1,"ST_MATHIEU_DE_BELOEIL","2019","FP2592","5",NA,58,1,6.87,34.48424,"ST_MATHIEU_DE_BELOEIL_2019"
"705",3,"ST_MATHIEU_DE_BELOEIL","2019","CDC Glas","5",NA,52.5,1,5.26,34.39164,"ST_MATHIEU_DE_BELOEIL_2019"
"706",2,"ST_MATHIEU_DE_BELOEIL","2019","CDC Buryu","5",NA,61,1,5.74,34.29904,"ST_MATHIEU_DE_BELOEIL_2019"
"707",3,"ST_MATHIEU_DE_BELOEIL","2019","AAC Bright","5",NA,62,1,5.89,34.18792,"ST_MATHIEU_DE_BELOEIL_2019"
"708",3,"ST_MATHIEU_DE_BELOEIL","2019","CDC Bethune","5",NA,60,1,5.95,33.96568,"ST_MATHIEU_DE_BELOEIL_2019"
"709",2,"ST_MATHIEU_DE_BELOEIL","2019","CDC Dorado","5",NA,50,1,6.62,33.85456,"ST_MATHIEU_DE_BELOEIL_2019"
"710",3,"ST_MATHIEU_DE_BELOEIL","2019","AAC Prairie Sunshine","5",NA,57.5,1,5.43,33.53972,"ST_MATHIEU_DE_BELOEIL_2019"
"711",1,"ST_MATHIEU_DE_BELOEIL","2019","Topaz","5",NA,64.5,1,5.93,33.46564,"ST_MATHIEU_DE_BELOEIL_2019"
"712",1,"ST_MATHIEU_DE_BELOEIL","2019","AAC Bright","5",NA,60,1,5.81,33.31748,"ST_MATHIEU_DE_BELOEIL_2019"
"713",1,"ST_MATHIEU_DE_BELOEIL","2019","CDC Bethune","5",NA,57.5,1,5.98,33.09524,"ST_MATHIEU_DE_BELOEIL_2019"
"714",1,"ST_MATHIEU_DE_BELOEIL","2019","CDC Buryu","5",NA,56,1,5.72,32.6878,"ST_MATHIEU_DE_BELOEIL_2019"
"715",3,"ST_MATHIEU_DE_BELOEIL","2019","Topaz","5",NA,56.5,1,5.88,32.00256,"ST_MATHIEU_DE_BELOEIL_2019"
"716",1,"ST_MATHIEU_DE_BELOEIL","2019","CDC Dorado","5",NA,54.5,1,6.37,31.74328,"ST_MATHIEU_DE_BELOEIL_2019"
"717",2,"ST_MATHIEU_DE_BELOEIL","2019","ND Hammond","5",NA,58.5,1,5.44,30.13204,"ST_MATHIEU_DE_BELOEIL_2019"
"718",3,"ST_MATHIEU_DE_BELOEIL","2019","ND Hammond","5",NA,60,1,5.44,29.8172,"ST_MATHIEU_DE_BELOEIL_2019"
"719",3,"ST_MATHIEU_DE_BELOEIL","2019","CDC Dorado","5",NA,50.5,1,6.41,28.09484,"ST_MATHIEU_DE_BELOEIL_2019"
"720",1,"ST_MATHIEU_DE_BELOEIL","2019","ND Hammond","5",NA,59.5,1,5.39,NA,"ST_MATHIEU_DE_BELOEIL_2019"
"721",3,"VEGREVILLE","2019","FP2592","3",123,84.2,2,7.58,34.127698,"VEGREVILLE_2019"
"722",3,"VEGREVILLE","2019","CDC Bethune","3",115,80.08,1,6.59,33.528869,"VEGREVILLE_2019"
"723",3,"VEGREVILLE","2019","CDC Glas","3",121,76.24,1,5.67,31.276872,"VEGREVILLE_2019"
"724",2,"VEGREVILLE","2019","CDC Rowland","3",123,81.5,1,7.33,30.902465,"VEGREVILLE_2019"
"725",2,"VEGREVILLE","2019","AAC Bright","3",117,74.58,1,6.24,30.800253,"VEGREVILLE_2019"
"726",3,"VEGREVILLE","2019","AAC Bright","3",119,78.42,1,6.04,30.03033,"VEGREVILLE_2019"
"727",3,"VEGREVILLE","2019","FP2594","3",125,77.32,1,6.97,29.273739,"VEGREVILLE_2019"
"728",3,"VEGREVILLE","2019","FP2591","3",125,76.2,1,7.24,28.706018,"VEGREVILLE_2019"
"729",1,"VEGREVILLE","2019","CDC Bethune","3",119,82.02,1,6.66,28.6638,"VEGREVILLE_2019"
"730",3,"VEGREVILLE","2019","CDC Dorado","3",123,66.88,1,6.88,28.053861,"VEGREVILLE_2019"
"731",1,"VEGREVILLE","2019","FP2595","3",113,64.38,1,6.1,28.022753,"VEGREVILLE_2019"
"732",2,"VEGREVILLE","2019","FP2595","3",119,66.62,1,6.5,27.137286,"VEGREVILLE_2019"
"733",2,"VEGREVILLE","2019","CDC Buryu","3",123,83.26,1,6.55,26.251819,"VEGREVILLE_2019"
"734",2,"VEGREVILLE","2019","FP2566","3",125,79.06,1,6.3,26.250708,"VEGREVILLE_2019"
"735",1,"VEGREVILLE","2019","CDC Dorado","3",121,69.82,1,6.82,26.248486,"VEGREVILLE_2019"
"736",3,"VEGREVILLE","2019","Topaz","3",123,72.92,1,6.61,26.091835,"VEGREVILLE_2019"
"737",2,"VEGREVILLE","2019","FP2594","3",114,66.08,1,6.38,26.07517,"VEGREVILLE_2019"
"738",1,"VEGREVILLE","2019","FP2589","3",119,66.58,1,7.47,25.790754,"VEGREVILLE_2019"
"739",3,"VEGREVILLE","2019","CDC Buryu","3",115,78.82,1,6.4,25.648546,"VEGREVILLE_2019"
"740",1,"VEGREVILLE","2019","Topaz","3",115,78.72,1,6.31,25.635214,"VEGREVILLE_2019"
"741",2,"VEGREVILLE","2019","FP2593","3",115,69.76,1,7.03,25.431901,"VEGREVILLE_2019"
"742",2,"VEGREVILLE","2019","FP2589","3",125,80.14,1,7.51,25.354131,"VEGREVILLE_2019"
"743",1,"VEGREVILLE","2019","FP2591","3",115,76.6,1,6.89,25.283027,"VEGREVILLE_2019"
"744",2,"VEGREVILLE","2019","CDC Bethune","3",108,66.56,1,5.82,25.037496,"VEGREVILLE_2019"
"745",2,"VEGREVILLE","2019","FP2567","3",121,83.04,1,6.88,25.015276,"VEGREVILLE_2019"
"746",3,"VEGREVILLE","2019","FP2595","3",124,79.24,1,6.93,24.398671,"VEGREVILLE_2019"
"747",2,"VEGREVILLE","2019","FP2573","3",125,82.88,1,6.53,24.390894,"VEGREVILLE_2019"
"748",3,"VEGREVILLE","2019","FP2567","3",125,80.48,1,7.02,23.189903,"VEGREVILLE_2019"
"749",1,"VEGREVILLE","2019","FP2594","3",115,59.44,1,5.74,22.769945,"VEGREVILLE_2019"
"750",3,"VEGREVILLE","2019","FP2593","3",122,75.96,1,7.61,22.525525,"VEGREVILLE_2019"
"751",2,"VEGREVILLE","2019","FP2590","3",114,64.5,1,6.51,22.192225,"VEGREVILLE_2019"
"752",3,"VEGREVILLE","2019","FP2573","3",125,85.26,3,6.48,22.134453,"VEGREVILLE_2019"
"753",2,"VEGREVILLE","2019","FP2591","3",115,62.12,1,6.73,22.098901,"VEGREVILLE_2019"
"754",2,"VEGREVILLE","2019","Topaz","3",108,64.86,1,5.27,21.617838,"VEGREVILLE_2019"
"755",1,"VEGREVILLE","2019","AAC Prairie Sunshine","3",121,70.4,1,5.66,21.545623,"VEGREVILLE_2019"
"756",2,"VEGREVILLE","2019","CDC Dorado","3",115,65.02,1,6.48,21.462298,"VEGREVILLE_2019"
"757",3,"VEGREVILLE","2019","AAC Marvelous","3",125,84.34,1,6.87,21.082336,"VEGREVILLE_2019"
"758",1,"VEGREVILLE","2019","FP2573","3",112,66.94,1,5.92,20.727927,"VEGREVILLE_2019"
"759",3,"VEGREVILLE","2019","FP2590","3",125,70.56,1,7.7,20.600162,"VEGREVILLE_2019"
"760",1,"VEGREVILLE","2019","FP2566","3",115,63.46,1,6.33,19.770245,"VEGREVILLE_2019"
"761",2,"VEGREVILLE","2019","AAC Marvelous","3",119,62,1,5.83,19.69803,"VEGREVILLE_2019"
"762",3,"VEGREVILLE","2019","AAC Prairie Sunshine","3",115,66.96,1,5.75,19.436945,"VEGREVILLE_2019"
"763",1,"VEGREVILLE","2019","CDC Glas","3",108,63.46,1,5.13,18.743681,"VEGREVILLE_2019"
"764",3,"VEGREVILLE","2019","ND Hammond","3",123,76.64,1,6.27,18.674799,"VEGREVILLE_2019"
"765",3,"VEGREVILLE","2019","CDC Rowland","3",125,80.42,1,7.43,18.647024,"VEGREVILLE_2019"
"766",1,"VEGREVILLE","2019","FP2593","3",114,62.44,1,6.6,18.152629,"VEGREVILLE_2019"
"767",1,"VEGREVILLE","2019","FP2590","3",115,58.08,1,6.27,18.065971,"VEGREVILLE_2019"
"768",1,"VEGREVILLE","2019","FP2567","3",123,76.86,1,7.12,18.015976,"VEGREVILLE_2019"
"769",2,"VEGREVILLE","2019","CDC Glas","3",109,64.94,1,4.68,17.793776,"VEGREVILLE_2019"
"770",3,"VEGREVILLE","2019","FP2589","3",125,82.08,1,7.36,17.673788,"VEGREVILLE_2019"
"771",1,"VEGREVILLE","2019","CDC Buryu","3",109,59.14,1,5.55,17.428257,"VEGREVILLE_2019"
"772",3,"VEGREVILLE","2019","FP2566","3",125,81.36,4,6.6,14.369674,"VEGREVILLE_2019"
"773",2,"VEGREVILLE","2019","FP2592","3",109,61.92,1,6.14,12.534302,"VEGREVILLE_2019"
"774",1,"VEGREVILLE","2019","AAC Bright","3",109,58.28,1,5.58,11.923252,"VEGREVILLE_2019"
"775",1,"VEGREVILLE","2019","ND Hammond","3",109,64.22,1,5.4,11.677721,"VEGREVILLE_2019"
"776",1,"VEGREVILLE","2019","FP2592","3",109,62.06,1,5.86,11.5236253,"VEGREVILLE_2019"
"777",1,"VEGREVILLE","2019","AAC Marvelous","3",112,57.58,1,5.13,8.861336,"VEGREVILLE_2019"
"778",2,"VEGREVILLE","2019","AAC Prairie Sunshine","3",111,48.32,1,NA,NA,"VEGREVILLE_2019"
"779",1,"VEGREVILLE","2019","CDC Rowland","3",112,56.26,1,NA,NA,"VEGREVILLE_2019"
"780",2,"VEGREVILLE","2019","ND Hammond","3",111,58.88,1,NA,NA,"VEGREVILLE_2019"
