"","environment","bloc","location","year","name","zone","maturity","height","lodging","seedwt_1000","yield_kgha"
"1","ARBORG_2019","2","ARBORG","2019","FP2573","3",110,46,1,5.65,27.7767233828571
"2","ARBORG_2019","3","ARBORG","2019","FP2591","3",110,45,1,5.81,27.7043068087912
"3","ARBORG_2019","3","ARBORG","2019","FP2567","3",112,50.5,1,6.26,25.845080952967
"4","ARBORG_2019","3","ARBORG","2019","FP2595","3",114,46.5,1,6.05,25.0604615384615
"5","ARBORG_2019","3","ARBORG","2019","FP2573","3",106,52.5,1,5.6,25.0313102268132
"6","ARBORG_2019","1","ARBORG","2019","FP2591","3",113,44,1,6.04,24.9018291481319
"7","ARBORG_2019","1","ARBORG","2019","FP2567","3",111,50,1,6.47,24.1255616149451
"8","ARBORG_2019","1","ARBORG","2019","FP2573","3",116,44,1,5.72,24.0009511120879
"9","ARBORG_2019","1","ARBORG","2019","FP2593","3",110,43.5,1,6.15,23.7508017582418
"10","ARBORG_2019","3","ARBORG","2019","CDC Buryu","3",110,46.5,1,5.54,23.6550467674725
"11","ARBORG_2019","3","ARBORG","2019","FP2593","3",106,50.5,1,6.32,23.5896253230769
"12","ARBORG_2019","3","ARBORG","2019","FP2594","3",110,45,1,5.84,23.5841037714286
"13","ARBORG_2019","2","ARBORG","2019","FP2566","3",106,43,1,5.37,23.5141612668132
"14","ARBORG_2019","2","ARBORG","2019","Topaz","3",107,41,1,5.5,23.3472034918681
"15","ARBORG_2019","2","ARBORG","2019","FP2592","3",107,44,1,6.21,23.3244243087912
"16","ARBORG_2019","1","ARBORG","2019","CDC Rowland","3",116,48,1,6.34,23.2445455076923
"17","ARBORG_2019","2","ARBORG","2019","CDC Rowland","3",114,43,1,6.25,23.1262759068132
"18","ARBORG_2019","1","ARBORG","2019","FP2594","3",107,47,1,5.8,23.0838169872528
"19","ARBORG_2019","2","ARBORG","2019","CDC Buryu","3",106,43.5,1,5.46,22.9211928685714
"20","ARBORG_2019","1","ARBORG","2019","AAC Marvelous","3",112,47,1,5.41,22.888919883956
"21","ARBORG_2019","3","ARBORG","2019","FP2590","3",107,45.5,1,6.03,22.8430692659341
"22","ARBORG_2019","2","ARBORG","2019","FP2595","3",109,43.5,1,5.71,22.6879390171429
"23","ARBORG_2019","2","ARBORG","2019","FP2567","3",108,48,1,5.68,22.6833151015385
"24","ARBORG_2019","1","ARBORG","2019","FP2590","3",112,45,1,6.14,22.6672624351648
"25","ARBORG_2019","3","ARBORG","2019","CDC Dorado","3",109,51,1,5.55,22.5524685604396
"26","ARBORG_2019","2","ARBORG","2019","AAC Marvelous","3",106,47,1,5.61,22.5085857230769
"27","ARBORG_2019","2","ARBORG","2019","FP2591","3",109,45,1,5.68,22.4755525239561
"28","ARBORG_2019","1","ARBORG","2019","CDC Buryu","3",106,45,1,5.54,22.3543050549451
"29","ARBORG_2019","3","ARBORG","2019","AAC Prairie Sunshine","3",107,42.5,1,5.24,22.3108587718681
"30","ARBORG_2019","1","ARBORG","2019","FP2589","3",106,45.5,1,6.39,22.2404547428571
"31","ARBORG_2019","3","ARBORG","2019","FP2566","3",106,45.5,1,5.38,22.155807410989
"32","ARBORG_2019","2","ARBORG","2019","FP2593","3",107,43,1,6.56,22.1171647393407
"33","ARBORG_2019","3","ARBORG","2019","FP2589","3",110,46,1,6.48,22.1051112685714
"34","ARBORG_2019","3","ARBORG","2019","CDC Rowland","3",106,46.5,1,6.08,22.0598139498901
"35","ARBORG_2019","2","ARBORG","2019","FP2589","3",114,41.5,1,6.24,22.0276744123077
"36","ARBORG_2019","2","ARBORG","2019","CDC Glas","3",106,48,1,4.94,21.9450025384615
"37","ARBORG_2019","1","ARBORG","2019","CDC Dorado","3",109,42.5,1,6.09,21.5640872483516
"38","ARBORG_2019","1","ARBORG","2019","FP2592","3",109,44,1,6.04,21.4099066654945
"39","ARBORG_2019","2","ARBORG","2019","FP2594","3",107,43,1,5.72,21.3284452008791
"40","ARBORG_2019","3","ARBORG","2019","ND Hammond","3",107,49.5,1,4.75,20.7829891252747
"41","ARBORG_2019","1","ARBORG","2019","FP2595","3",106,43,1,5.37,20.7829515481319
"42","ARBORG_2019","2","ARBORG","2019","FP2590","3",108,36.5,1,5.95,20.7717615085714
"43","ARBORG_2019","3","ARBORG","2019","Topaz","3",106,45,1,5.3,20.7691467657143
"44","ARBORG_2019","2","ARBORG","2019","CDC Bethune","3",106,50,1,5.48,20.7531142127473
"45","ARBORG_2019","3","ARBORG","2019","CDC Glas","3",107,44,1,5,20.671028269011
"46","ARBORG_2019","3","ARBORG","2019","AAC Bright","3",110,46.5,1,5.58,20.571890130989
"47","ARBORG_2019","3","ARBORG","2019","CDC Bethune","3",106,47,1,5.46,20.5697277591209
"48","ARBORG_2019","2","ARBORG","2019","AAC Bright","3",107,46.5,1,5.42,20.4940225828571
"49","ARBORG_2019","2","ARBORG","2019","ND Hammond","3",106,44.5,1,4.97,19.8762266531868
"50","ARBORG_2019","1","ARBORG","2019","FP2566","3",106,41.5,1,5.54,19.8384633107692
"51","ARBORG_2019","1","ARBORG","2019","CDC Glas","3",112,46,1,4.95,19.7947371261538
"52","ARBORG_2019","1","ARBORG","2019","AAC Prairie Sunshine","3",111,45.5,1,4.91,19.63172736
"53","ARBORG_2019","1","ARBORG","2019","ND Hammond","3",113,42.5,1,4.84,19.3574493854945
"54","ARBORG_2019","1","ARBORG","2019","Topaz","3",106,44,1,5.39,19.1181974030769
"55","ARBORG_2019","1","ARBORG","2019","AAC Bright","3",106,43.5,1,5.26,18.8048791859341
"56","ARBORG_2019","2","ARBORG","2019","CDC Dorado","3",106,44,1,5.44,18.5398507494506
"57","ARBORG_2019","1","ARBORG","2019","CDC Bethune","3",106,43.5,1,5.27,18.1342232967033
"58","AVONLEA_2019","1","AVONLEA","2019","FP2593","2",94,59,1,7.21,19.6687955610989
"59","AVONLEA_2019","2","AVONLEA","2019","FP2590","2",94,58,1,6.56,19.5953565076923
"60","AVONLEA_2019","2","AVONLEA","2019","FP2594","2",96,61,1,6.81,19.5174121661538
"61","AVONLEA_2019","3","AVONLEA","2019","FP2593","2",93,62,1,6.83,19.276490229011
"62","AVONLEA_2019","1","AVONLEA","2019","CDC Rowland","2",89,59,1,6.79,19.2597282912088
"63","AVONLEA_2019","2","AVONLEA","2019","FP2592","2",94,65,1,6.65,19.2324982916484
"64","AVONLEA_2019","1","AVONLEA","2019","FP2590","2",92,58,1,6.61,19.100530049011
"65","AVONLEA_2019","2","AVONLEA","2019","CDC Rowland","2",89,63,1,6.55,17.9894382389011
"66","AVONLEA_2019","1","AVONLEA","2019","FP2567","2",93,64,1,6.62,17.8950205753846
"67","AVONLEA_2019","1","AVONLEA","2019","FP2595","2",94,59,1,6.24,17.6020686769231
"68","AVONLEA_2019","3","AVONLEA","2019","FP2595","2",92,65,1,5.96,17.5680000450549
"69","AVONLEA_2019","3","AVONLEA","2019","FP2592","2",94,65,1,6.79,17.4908182646154
"70","AVONLEA_2019","2","AVONLEA","2019","AAC Prairie Sunshine","2",94,63,1,5.54,17.2880077784615
"71","AVONLEA_2019","1","AVONLEA","2019","FP2589","2",92,60,1,6.74,16.9772334865934
"72","AVONLEA_2019","1","AVONLEA","2019","CDC Buryu","2",91,60,1,6,16.3357887241758
"73","AVONLEA_2019","1","AVONLEA","2019","FP2591","2",89,63,1,6.29,16.3078031225275
"74","AVONLEA_2019","1","AVONLEA","2019","AAC Prairie Sunshine","2",92,62,1,5.22,16.1744048641758
"75","AVONLEA_2019","3","AVONLEA","2019","CDC Rowland","2",92,60,1,6.66,16.0893598896703
"76","AVONLEA_2019","1","AVONLEA","2019","AAC Marvelous","2",95,66,1,6,16.0857539010989
"77","AVONLEA_2019","2","AVONLEA","2019","FP2595","2",89,63,1,5.81,16.007838006044
"78","AVONLEA_2019","1","AVONLEA","2019","CDC Dorado","2",87,55,1,6.08,15.7543073176923
"79","AVONLEA_2019","3","AVONLEA","2019","FP2594","2",89,67,1,6.14,15.6949526920879
"80","AVONLEA_2019","1","AVONLEA","2019","AAC Bright","2",94,56,1,6.05,15.5825778501099
"81","AVONLEA_2019","2","AVONLEA","2019","CDC Glas","2",89,61,1,5.18,15.3719149136264
"82","AVONLEA_2019","2","AVONLEA","2019","AAC Marvelous","2",92,64,1,5.65,15.367477018022
"83","AVONLEA_2019","2","AVONLEA","2019","FP2573","2",88,64,1,5.97,15.1592146961538
"84","AVONLEA_2019","1","AVONLEA","2019","Topaz","2",87,64,1,5.4,15.0711028732967
"85","AVONLEA_2019","1","AVONLEA","2019","FP2566","2",87,62,1,5.73,15.0643351740659
"86","AVONLEA_2019","1","AVONLEA","2019","FP2594","2",93,63,1,5.99,15.0598149912088
"87","AVONLEA_2019","1","AVONLEA","2019","CDC Glas","2",95,58,1,5.71,14.9032035476923
"88","AVONLEA_2019","2","AVONLEA","2019","FP2593","2",94,60,1,6.81,14.8457954917582
"89","AVONLEA_2019","3","AVONLEA","2019","CDC Bethune","2",87,59,1,5.66,14.71995008
"90","AVONLEA_2019","3","AVONLEA","2019","FP2567","2",88,63,1,6.12,14.5564445762637
"91","AVONLEA_2019","3","AVONLEA","2019","ND Hammond","2",95,68,1,5.53,14.5327717301099
"92","AVONLEA_2019","1","AVONLEA","2019","CDC Bethune","2",91,54,1,5.91,14.4756687718681
"93","AVONLEA_2019","1","AVONLEA","2019","ND Hammond","2",94,62,1,5.42,14.2173034021978
"94","AVONLEA_2019","3","AVONLEA","2019","CDC Glas","2",89,60,1,5.4,14.1570964808791
"95","AVONLEA_2019","1","AVONLEA","2019","FP2592","2",94,67,1,6.68,13.7857311791209
"96","AVONLEA_2019","3","AVONLEA","2019","AAC Bright","2",93,59,1,5.85,13.2747163516483
"97","AVONLEA_2019","2","AVONLEA","2019","FP2567","2",94,67,1,6.11,13.2406538241758
"98","AVONLEA_2019","3","AVONLEA","2019","FP2591","2",93,61,1,6.4,13.0689239903297
"99","AVONLEA_2019","1","AVONLEA","2019","FP2573","2",94,59,1,6.26,13.0605527884615
"100","AVONLEA_2019","2","AVONLEA","2019","FP2589","2",88,64,1,6.31,12.8995392210989
"101","AVONLEA_2019","3","AVONLEA","2019","FP2573","2",89,63,1,5.93,12.5025225164835
"102","AVONLEA_2019","3","AVONLEA","2019","Topaz","2",94,54,1,6.03,12.4549253230769
"103","AVONLEA_2019","2","AVONLEA","2019","Topaz","2",88,57,1,5.71,12.3659793956044
"104","AVONLEA_2019","3","AVONLEA","2019","FP2590","2",88,64,1,5.98,12.2444692035165
"105","AVONLEA_2019","2","AVONLEA","2019","FP2566","2",94,58,1,5.94,11.6193859305494
"106","AVONLEA_2019","3","AVONLEA","2019","CDC Dorado","2",87,56,1,5.95,11.2238621169231
"107","AVONLEA_2019","3","AVONLEA","2019","AAC Marvelous","2",89,64,1,5.65,11.1219316516484
"108","AVONLEA_2019","3","AVONLEA","2019","AAC Prairie Sunshine","2",89,59,1,5.23,10.9447643884615
"109","AVONLEA_2019","3","AVONLEA","2019","FP2566","2",88,59,1,5.9,10.8092101796703
"110","AVONLEA_2019","3","AVONLEA","2019","FP2589","2",89,63,1,6.53,10.4463856598901
"111","AVONLEA_2019","2","AVONLEA","2019","ND Hammond","2",96,63,1,5.64,10.4008235498901
"112","AVONLEA_2019","2","AVONLEA","2019","CDC Dorado","2",87,55,1,5.78,10.344459956044
"113","AVONLEA_2019","2","AVONLEA","2019","CDC Buryu","2",87,63,1,5.35,10.2477937994505
"114","AVONLEA_2019","2","AVONLEA","2019","FP2591","2",88,63,1,6.01,10.046541032967
"115","AVONLEA_2019","2","AVONLEA","2019","AAC Bright","2",93,54,1,5.86,NA
"116","AVONLEA_2019","2","AVONLEA","2019","CDC Bethune","2",85,56,1,5.39,NA
"117","AVONLEA_2019","3","AVONLEA","2019","CDC Buryu","2",87,59,1,5.65,NA
"118","CODETTE_2019","3","CODETTE","2019","FP2590","3",115,77.5,NA,6.83,27.2614125
"119","CODETTE_2019","2","CODETTE","2019","FP2593","3",113,73,NA,7.27,25.472685
"120","CODETTE_2019","2","CODETTE","2019","FP2590","3",114,75,NA,6.85,25.0873875
"121","CODETTE_2019","3","CODETTE","2019","FP2595","3",116,78.5,NA,6.51,24.77671
"122","CODETTE_2019","2","CODETTE","2019","FP2594","3",113,74.5,NA,6.57,23.96163
"123","CODETTE_2019","2","CODETTE","2019","AAC Prairie Sunshine","3",114,72.5,NA,5.88,23.9192975
"124","CODETTE_2019","3","CODETTE","2019","FP2592","3",113,75.5,NA,6.9,23.84733225
"125","CODETTE_2019","3","CODETTE","2019","FP2593","3",115,85.5,NA,7.18,23.424366
"126","CODETTE_2019","1","CODETTE","2019","FP2589","3",113,78.5,NA,7.06,23.196201
"127","CODETTE_2019","2","CODETTE","2019","FP2573","3",108,70.5,NA,6.57,22.957991
"128","CODETTE_2019","3","CODETTE","2019","FP2591","3",115,80.5,NA,6.81,21.8018115
"129","CODETTE_2019","2","CODETTE","2019","FP2591","3",115,73,NA,6.74,21.34440525
"130","CODETTE_2019","2","CODETTE","2019","FP2589","3",113,76.5,NA,7.23,21.22257375
"131","CODETTE_2019","1","CODETTE","2019","FP2573","3",108,77.5,NA,6.36,20.97934125
"132","CODETTE_2019","2","CODETTE","2019","CDC Rowland","3",114,70,NA,7.16,20.6595515
"133","CODETTE_2019","3","CODETTE","2019","FP2567","3",114,85,NA,7.05,20.58399875
"134","CODETTE_2019","2","CODETTE","2019","AAC Marvelous","3",114,69,NA,6.4,20.303528
"135","CODETTE_2019","2","CODETTE","2019","FP2567","3",115,73.5,NA,7.11,20.25072
"136","CODETTE_2019","1","CODETTE","2019","FP2593","3",115,76,NA,7.1,19.933298
"137","CODETTE_2019","1","CODETTE","2019","AAC Marvelous","3",109,75,NA,6.33,19.816776
"138","CODETTE_2019","3","CODETTE","2019","FP2594","3",116,80,NA,6.77,19.75844325
"139","CODETTE_2019","3","CODETTE","2019","AAC Marvelous","3",114,81.5,NA,6.22,19.602674
"140","CODETTE_2019","2","CODETTE","2019","CDC Dorado","3",112,70.5,NA,6.21,19.55783025
"141","CODETTE_2019","1","CODETTE","2019","FP2590","3",115,66.5,NA,6.81,19.542691
"142","CODETTE_2019","2","CODETTE","2019","ND Hammond","3",109,79.5,NA,5.67,19.464627
"143","CODETTE_2019","1","CODETTE","2019","FP2566","3",115,70,NA,6.29,19.425021
"144","CODETTE_2019","2","CODETTE","2019","FP2595","3",114,68.5,NA,6.6,19.41318225
"145","CODETTE_2019","2","CODETTE","2019","FP2592","3",114,82.5,NA,7.08,19.39682325
"146","CODETTE_2019","3","CODETTE","2019","FP2573","3",108,76,NA,6.49,19.14627225
"147","CODETTE_2019","2","CODETTE","2019","Topaz","3",108,66,NA,6.17,18.950036
"148","CODETTE_2019","3","CODETTE","2019","FP2566","3",115,77,NA,6.4,18.68083
"149","CODETTE_2019","3","CODETTE","2019","AAC Bright","3",112,74.5,NA,6.12,18.5305855
"150","CODETTE_2019","1","CODETTE","2019","AAC Bright","3",114,71.5,NA,6.01,18.481365
"151","CODETTE_2019","2","CODETTE","2019","AAC Bright","3",112,74.5,NA,6.22,18.474764
"152","CODETTE_2019","3","CODETTE","2019","CDC Rowland","3",114,74,NA,7.21,18.278169
"153","CODETTE_2019","1","CODETTE","2019","FP2591","3",116,74,NA,7.03,18.17248125
"154","CODETTE_2019","3","CODETTE","2019","CDC Dorado","3",115,75,NA,6.16,17.98865775
"155","CODETTE_2019","2","CODETTE","2019","FP2566","3",114,71.5,NA,6.23,17.90019
"156","CODETTE_2019","1","CODETTE","2019","CDC Bethune","3",111,68.5,NA,6.14,17.8119375
"157","CODETTE_2019","1","CODETTE","2019","CDC Rowland","3",113,72.5,NA,6.9,17.0998905
"158","CODETTE_2019","3","CODETTE","2019","ND Hammond","3",109,77.5,NA,5.61,16.9819335
"159","CODETTE_2019","1","CODETTE","2019","FP2567","3",115,71.5,NA,7.02,16.2744785
"160","CODETTE_2019","2","CODETTE","2019","CDC Bethune","3",111,71.5,NA,6.3,15.9289305
"161","CODETTE_2019","3","CODETTE","2019","CDC Bethune","3",111,69.5,NA,6.21,15.8402475
"162","CODETTE_2019","3","CODETTE","2019","FP2589","3",114,62,NA,7.24,15.713824
"163","CODETTE_2019","1","CODETTE","2019","CDC Glas","3",109,77.5,NA,5.98,15.61947275
"164","CODETTE_2019","3","CODETTE","2019","AAC Prairie Sunshine","3",115,73,NA,5.92,15.49692375
"165","CODETTE_2019","3","CODETTE","2019","CDC Buryu","3",108,75.5,NA,6.06,15.1566135
"166","CODETTE_2019","3","CODETTE","2019","CDC Glas","3",109,71.5,NA,5.81,14.97888875
"167","CODETTE_2019","2","CODETTE","2019","CDC Buryu","3",108,76,NA,6.06,14.6474755
"168","CODETTE_2019","1","CODETTE","2019","Topaz","3",109,74,NA,6.22,14.49063
"169","CODETTE_2019","2","CODETTE","2019","CDC Glas","3",111,71,NA,5.91,13.826799
"170","CODETTE_2019","1","CODETTE","2019","CDC Dorado","3",113,60.5,NA,6.28,13.808718
"171","CODETTE_2019","3","CODETTE","2019","Topaz","3",109,79,NA,6.13,13.3462175
"172","CODETTE_2019","1","CODETTE","2019","FP2595","3",115,63.5,NA,6.65,13.2968535
"173","CODETTE_2019","1","CODETTE","2019","FP2594","3",114,74,NA,6.61,13.2216595
"174","CODETTE_2019","1","CODETTE","2019","ND Hammond","3",108,70,NA,5.7,13.15608
"175","CODETTE_2019","1","CODETTE","2019","CDC Buryu","3",108,77.5,NA,6.15,13.08181875
"176","CODETTE_2019","1","CODETTE","2019","AAC Prairie Sunshine","3",114,77,NA,5.88,13.028652
"177","CODETTE_2019","1","CODETTE","2019","FP2592","3",115,74.5,NA,6.99,10.55263125
"178","INDIAN_HEAD_2019","3","INDIAN_HEAD","2019","FP2593","1",112,56,NA,6.88,23.618055
"179","INDIAN_HEAD_2019","3","INDIAN_HEAD","2019","FP2590","1",123,54,NA,6.66,23.18261
"180","INDIAN_HEAD_2019","3","INDIAN_HEAD","2019","FP2594","1",118,56,NA,6.46,22.579265
"181","INDIAN_HEAD_2019","3","INDIAN_HEAD","2019","FP2589","1",118,54,NA,6.86,22.431805
"182","INDIAN_HEAD_2019","3","INDIAN_HEAD","2019","FP2595","1",112,52,NA,6.23,21.71093
"183","INDIAN_HEAD_2019","3","INDIAN_HEAD","2019","FP2567","1",110,60,NA,6.31,21.5569
"184","INDIAN_HEAD_2019","3","INDIAN_HEAD","2019","CDC Glas","1",110,56,NA,5.26,21.32841
"185","INDIAN_HEAD_2019","3","INDIAN_HEAD","2019","FP2573","1",110,56,NA,6.06,21.24154
"186","INDIAN_HEAD_2019","2","INDIAN_HEAD","2019","CDC Glas","1",110,58,NA,5.2,20.88676
"187","INDIAN_HEAD_2019","1","INDIAN_HEAD","2019","FP2592","1",113,54,NA,6.87,20.827995
"188","INDIAN_HEAD_2019","2","INDIAN_HEAD","2019","CDC Buryu","1",110,60,NA,5.7,20.784925
"189","INDIAN_HEAD_2019","1","INDIAN_HEAD","2019","FP2595","1",112,54,NA,6.24,20.742585
"190","INDIAN_HEAD_2019","1","INDIAN_HEAD","2019","FP2567","1",110,60,NA,6.57,20.69331
"191","INDIAN_HEAD_2019","3","INDIAN_HEAD","2019","FP2566","1",112,56,NA,5.84,20.586365
"192","INDIAN_HEAD_2019","2","INDIAN_HEAD","2019","FP2590","1",118,58,NA,6.48,20.52687
"193","INDIAN_HEAD_2019","3","INDIAN_HEAD","2019","AAC Bright","1",112,52,NA,5.8,20.129385
"194","INDIAN_HEAD_2019","3","INDIAN_HEAD","2019","AAC Marvelous","1",123,54,NA,5.88,19.81585
"195","INDIAN_HEAD_2019","1","INDIAN_HEAD","2019","FP2591","1",123,52,NA,6.52,19.701605
"196","INDIAN_HEAD_2019","3","INDIAN_HEAD","2019","CDC Buryu","1",110,54,NA,5.59,19.68956
"197","INDIAN_HEAD_2019","2","INDIAN_HEAD","2019","FP2591","1",118,50,NA,6.37,19.643205
"198","INDIAN_HEAD_2019","3","INDIAN_HEAD","2019","FP2591","1",123,56,NA,6.41,19.58152
"199","INDIAN_HEAD_2019","1","INDIAN_HEAD","2019","FP2594","1",113,50,NA,6.35,19.09315
"200","INDIAN_HEAD_2019","2","INDIAN_HEAD","2019","AAC Marvelous","1",110,54,NA,5.78,19.003725
"201","INDIAN_HEAD_2019","2","INDIAN_HEAD","2019","FP2573","1",103,60,NA,5.92,18.75516
"202","INDIAN_HEAD_2019","1","INDIAN_HEAD","2019","FP2590","1",110,54,NA,6.41,18.705885
"203","INDIAN_HEAD_2019","3","INDIAN_HEAD","2019","Topaz","1",112,56,NA,5.65,18.533605
"204","INDIAN_HEAD_2019","2","INDIAN_HEAD","2019","FP2594","1",123,54,NA,6.22,18.42958
"205","INDIAN_HEAD_2019","2","INDIAN_HEAD","2019","FP2589","1",113,52,NA,6.82,18.391255
"206","INDIAN_HEAD_2019","1","INDIAN_HEAD","2019","CDC Buryu","1",113,54,NA,5.66,18.35877
"207","INDIAN_HEAD_2019","3","INDIAN_HEAD","2019","ND Hammond","1",103,52,NA,5.33,18.20255
"208","INDIAN_HEAD_2019","2","INDIAN_HEAD","2019","AAC Prairie Sunshine","1",112,86,NA,5.29,18.12882
"209","INDIAN_HEAD_2019","2","INDIAN_HEAD","2019","CDC Bethune","1",103,58,NA,5.66,18.1259
"210","INDIAN_HEAD_2019","2","INDIAN_HEAD","2019","FP2592","1",113,54,NA,6.83,18.070785
"211","INDIAN_HEAD_2019","2","INDIAN_HEAD","2019","CDC Rowland","1",118,52,NA,6.57,17.99742
"212","INDIAN_HEAD_2019","3","INDIAN_HEAD","2019","CDC Rowland","1",123,56,NA,6.71,17.8996
"213","INDIAN_HEAD_2019","3","INDIAN_HEAD","2019","FP2592","1",123,58,NA,6.78,17.748125
"214","INDIAN_HEAD_2019","1","INDIAN_HEAD","2019","AAC Prairie Sunshine","1",113,50,NA,5.32,17.717465
"215","INDIAN_HEAD_2019","2","INDIAN_HEAD","2019","FP2595","1",118,50,NA,5.93,17.71418
"216","INDIAN_HEAD_2019","1","INDIAN_HEAD","2019","ND Hammond","1",110,56,NA,5.18,17.61417
"217","INDIAN_HEAD_2019","2","INDIAN_HEAD","2019","FP2593","1",110,50,NA,6.83,17.50978
"218","INDIAN_HEAD_2019","2","INDIAN_HEAD","2019","FP2566","1",118,46,NA,5.67,17.505765
"219","INDIAN_HEAD_2019","2","INDIAN_HEAD","2019","Topaz","1",113,48,NA,5.59,17.467075
"220","INDIAN_HEAD_2019","1","INDIAN_HEAD","2019","FP2573","1",110,56,NA,6.11,17.366335
"221","INDIAN_HEAD_2019","1","INDIAN_HEAD","2019","CDC Bethune","1",118,46,NA,5.57,17.13675
"222","INDIAN_HEAD_2019","1","INDIAN_HEAD","2019","CDC Glas","1",113,54,NA,5.26,17.10755
"223","INDIAN_HEAD_2019","3","INDIAN_HEAD","2019","CDC Dorado","1",103,48,NA,5.97,16.953885
"224","INDIAN_HEAD_2019","3","INDIAN_HEAD","2019","AAC Prairie Sunshine","1",123,54,NA,5.4,16.845115
"225","INDIAN_HEAD_2019","1","INDIAN_HEAD","2019","AAC Marvelous","1",113,56,NA,5.81,16.797665
"226","INDIAN_HEAD_2019","2","INDIAN_HEAD","2019","ND Hammond","1",103,52,NA,5.17,16.388135
"227","INDIAN_HEAD_2019","1","INDIAN_HEAD","2019","FP2566","1",113,50,NA,5.76,16.293965
"228","INDIAN_HEAD_2019","1","INDIAN_HEAD","2019","AAC Bright","1",113,44,NA,5.63,16.142855
"229","INDIAN_HEAD_2019","1","INDIAN_HEAD","2019","CDC Dorado","1",123,50,NA,5.92,15.955975
"230","INDIAN_HEAD_2019","2","INDIAN_HEAD","2019","FP2567","1",112,58,NA,6.18,15.860345
"231","INDIAN_HEAD_2019","3","INDIAN_HEAD","2019","CDC Bethune","1",118,54,NA,5.7,15.561045
"232","INDIAN_HEAD_2019","2","INDIAN_HEAD","2019","AAC Bright","1",110,54,NA,5.72,15.340585
"233","INDIAN_HEAD_2019","1","INDIAN_HEAD","2019","CDC Rowland","1",113,52,NA,6.78,14.922295
"234","INDIAN_HEAD_2019","1","INDIAN_HEAD","2019","Topaz","1",110,52,NA,5.56,14.819
"235","INDIAN_HEAD_2019","1","INDIAN_HEAD","2019","FP2589","1",123,48,NA,6.73,14.398155
"236","INDIAN_HEAD_2019","2","INDIAN_HEAD","2019","CDC Dorado","1",112,52,NA,5.87,13.91161
"237","INDIAN_HEAD_2019","1","INDIAN_HEAD","2019","FP2593","1",123,54,NA,6.94,13.86927
"238","LETHBRIDGE_2019","1","LETHBRIDGE","2019","CDC Glas","4",116,71.6666666666667,NA,5.99,47.482519454805
"239","LETHBRIDGE_2019","1","LETHBRIDGE","2019","FP2592","4",116,66.6666666666667,NA,7.41,41.1725376433209
"240","LETHBRIDGE_2019","2","LETHBRIDGE","2019","FP2590","4",110,60,NA,7.24,40.0854227103191
"241","LETHBRIDGE_2019","2","LETHBRIDGE","2019","CDC Glas","4",109,68.3333333333333,NA,5.87,40.0178431643413
"242","LETHBRIDGE_2019","2","LETHBRIDGE","2019","FP2595","4",111,61.6666666666667,NA,6.71,39.9428097803564
"243","LETHBRIDGE_2019","3","LETHBRIDGE","2019","FP2592","4",113,78.3333333333333,NA,7.4,39.5959087350923
"244","LETHBRIDGE_2019","1","LETHBRIDGE","2019","FP2589","4",115,61.6666666666667,NA,7.59,39.5940139061565
"245","LETHBRIDGE_2019","1","LETHBRIDGE","2019","FP2593","4",113,53.3333333333333,NA,7.46,38.9740802136575
"246","LETHBRIDGE_2019","3","LETHBRIDGE","2019","FP2589","4",111,68.3333333333333,NA,7.68,38.9446435971819
"247","LETHBRIDGE_2019","3","LETHBRIDGE","2019","AAC Bright","4",108,65,NA,6.57,38.8236036284938
"248","LETHBRIDGE_2019","2","LETHBRIDGE","2019","Topaz","4",109,61.6666666666667,NA,6.35,38.6279965004374
"249","LETHBRIDGE_2019","2","LETHBRIDGE","2019","FP2594","4",111,78.3333333333333,NA,6.83,38.4801319242989
"250","LETHBRIDGE_2019","1","LETHBRIDGE","2019","FP2590","4",116,73.3333333333333,NA,7.25,38.3814120274439
"251","LETHBRIDGE_2019","3","LETHBRIDGE","2019","FP2573","4",108,70,NA,6.53,38.15791776028
"252","LETHBRIDGE_2019","2","LETHBRIDGE","2019","CDC Bethune","4",109,81.6666666666667,NA,6.36,38.1134019431782
"253","LETHBRIDGE_2019","3","LETHBRIDGE","2019","CDC Dorado","4",112,73.3333333333333,NA,6.98,37.6290924160796
"254","LETHBRIDGE_2019","3","LETHBRIDGE","2019","FP2567","4",112,61.6666666666667,NA,7.42,37.4178362573099
"255","LETHBRIDGE_2019","1","LETHBRIDGE","2019","FP2566","4",116,60,NA,6.51,37.3685591932587
"256","LETHBRIDGE_2019","1","LETHBRIDGE","2019","FP2595","4",110,73.3333333333333,NA,6.68,36.6968526960446
"257","LETHBRIDGE_2019","2","LETHBRIDGE","2019","AAC Marvelous","4",110,71.6666666666667,NA,6.67,36.3068276004973
"258","LETHBRIDGE_2019","2","LETHBRIDGE","2019","FP2591","4",109,61.6666666666667,NA,6.89,35.9397016162453
"259","LETHBRIDGE_2019","1","LETHBRIDGE","2019","CDC Rowland","4",117,66.6666666666667,NA,7.22,35.7632891283326
"260","LETHBRIDGE_2019","2","LETHBRIDGE","2019","FP2573","4",110,75,NA,6.61,35.7342174333471
"261","LETHBRIDGE_2019","1","LETHBRIDGE","2019","Topaz","4",108,61.6666666666667,NA,6.28,35.5411048947829
"262","LETHBRIDGE_2019","1","LETHBRIDGE","2019","FP2594","4",111,65,NA,6.85,35.5367327439333
"263","LETHBRIDGE_2019","3","LETHBRIDGE","2019","FP2591","4",114,68.3333333333333,NA,7.13,35.447009255422
"264","LETHBRIDGE_2019","3","LETHBRIDGE","2019","FP2566","4",109,78.3333333333333,NA,6.34,35.4228219827785
"265","LETHBRIDGE_2019","2","LETHBRIDGE","2019","FP2589","4",111,63.3333333333333,NA,7.52,35.4004696781323
"266","LETHBRIDGE_2019","2","LETHBRIDGE","2019","FP2567","4",112,66.6666666666667,NA,7.25,35.3284569691946
"267","LETHBRIDGE_2019","3","LETHBRIDGE","2019","FP2595","4",114,73.3333333333333,NA,6.73,35.0746615554635
"268","LETHBRIDGE_2019","2","LETHBRIDGE","2019","CDC Buryu","4",107,65,NA,6.42,35.0702790440669
"269","LETHBRIDGE_2019","1","LETHBRIDGE","2019","FP2567","4",116,71.6666666666667,NA,7.47,34.9307052079016
"270","LETHBRIDGE_2019","2","LETHBRIDGE","2019","FP2593","4",110,81.6666666666667,NA,7.33,34.9236047796657
"271","LETHBRIDGE_2019","3","LETHBRIDGE","2019","CDC Bethune","4",107,71.6666666666667,NA,6.16,34.8244762167887
"272","LETHBRIDGE_2019","2","LETHBRIDGE","2019","FP2592","4",111,68.3333333333333,NA,7.29,34.5149468158585
"273","LETHBRIDGE_2019","3","LETHBRIDGE","2019","CDC Buryu","4",108,73.3333333333333,NA,6.49,33.3530805359856
"274","LETHBRIDGE_2019","2","LETHBRIDGE","2019","AAC Prairie Sunshine","4",110,66.6666666666667,NA,6.07,33.0456750471981
"275","LETHBRIDGE_2019","1","LETHBRIDGE","2019","AAC Marvelous","4",114,53.3333333333333,NA,6.68,32.9832780770825
"276","LETHBRIDGE_2019","2","LETHBRIDGE","2019","FP2566","4",108,80,NA,6.26,32.7188941842796
"277","LETHBRIDGE_2019","3","LETHBRIDGE","2019","AAC Marvelous","4",111,71.6666666666667,NA,6.46,32.6208730487636
"278","LETHBRIDGE_2019","1","LETHBRIDGE","2019","CDC Dorado","4",111,76.6666666666667,NA,6.92,32.1323559883962
"279","LETHBRIDGE_2019","2","LETHBRIDGE","2019","CDC Rowland","4",108,68.3333333333333,NA,7.36,31.836349403693
"280","LETHBRIDGE_2019","1","LETHBRIDGE","2019","CDC Buryu","4",115,78.3333333333333,NA,6.46,31.6788011695906
"281","LETHBRIDGE_2019","3","LETHBRIDGE","2019","ND Hammond","4",110,51.6666666666667,NA,5.8,31.5299396785928
"282","LETHBRIDGE_2019","1","LETHBRIDGE","2019","CDC Bethune","4",107,63.3333333333333,NA,6.38,31.4172825436294
"283","LETHBRIDGE_2019","1","LETHBRIDGE","2019","AAC Prairie Sunshine","4",116,63.3333333333333,NA,5.91,31.1680169912971
"284","LETHBRIDGE_2019","3","LETHBRIDGE","2019","FP2594","4",113,55,NA,6.83,31.1352028364875
"285","LETHBRIDGE_2019","1","LETHBRIDGE","2019","FP2591","4",110,71.6666666666667,NA,6.94,31.0570175438596
"286","LETHBRIDGE_2019","2","LETHBRIDGE","2019","CDC Dorado","4",112,70,NA,6.9,30.6837546622462
"287","LETHBRIDGE_2019","3","LETHBRIDGE","2019","FP2593","4",110,63.3333333333333,NA,7.23,30.2528710227011
"288","LETHBRIDGE_2019","3","LETHBRIDGE","2019","FP2590","4",112,76.6666666666667,NA,7.08,30.1387277248239
"289","LETHBRIDGE_2019","2","LETHBRIDGE","2019","AAC Bright","4",107,70,NA,6.29,29.7859890868905
"290","LETHBRIDGE_2019","1","LETHBRIDGE","2019","ND Hammond","4",107,70,NA,5.78,29.4098632407791
"291","LETHBRIDGE_2019","1","LETHBRIDGE","2019","FP2573","4",105,61.6666666666667,NA,6.52,28.1983043238016
"292","LETHBRIDGE_2019","3","LETHBRIDGE","2019","AAC Prairie Sunshine","4",113,63.3333333333333,NA,5.93,28.0887380853709
"293","LETHBRIDGE_2019","2","LETHBRIDGE","2019","ND Hammond","4",107,63.3333333333333,NA,5.6,28.0098528802321
"294","LETHBRIDGE_2019","3","LETHBRIDGE","2019","Topaz","4",107,68.3333333333333,NA,6.23,27.9705714417277
"295","LETHBRIDGE_2019","3","LETHBRIDGE","2019","CDC Glas","4",108,76.6666666666667,NA,5.84,27.3482513698946
"296","LETHBRIDGE_2019","3","LETHBRIDGE","2019","CDC Rowland","4",111,70,NA,7.23,26.9130715568449
"297","LETHBRIDGE_2019","1","LETHBRIDGE","2019","AAC Bright","4",109,63.3333333333333,NA,6.43,22.7041672422526
"298","MELFORT_2019","2","MELFORT","2019","FP2594","3",128,75,1,6.9,42.1682
"299","MELFORT_2019","3","MELFORT","2019","CDC Glas","3",122,75,1,5.82,41.7356
"300","MELFORT_2019","3","MELFORT","2019","FP2595","3",129,76,1,6.74,41.2
"301","MELFORT_2019","3","MELFORT","2019","FP2573","3",117,78,1,6.42,41.1794
"302","MELFORT_2019","2","MELFORT","2019","CDC Glas","3",121,78,1,5.86,41.1382
"303","MELFORT_2019","3","MELFORT","2019","Topaz","3",117,75,1,6.26,41.0352
"304","MELFORT_2019","3","MELFORT","2019","FP2589","3",124,75,1,7.59,40.9116
"305","MELFORT_2019","2","MELFORT","2019","FP2592","3",129,83,1,7.57,40.8292
"306","MELFORT_2019","3","MELFORT","2019","AAC Marvelous","3",128,77,1,6.58,40.5408
"307","MELFORT_2019","2","MELFORT","2019","FP2589","3",120,75,1,7.38,40.5408
"308","MELFORT_2019","3","MELFORT","2019","FP2594","3",125,74,1,6.75,40.479
"309","MELFORT_2019","1","MELFORT","2019","FP2594","3",127,73,1,6.97,40.3966
"310","MELFORT_2019","3","MELFORT","2019","CDC Bethune","3",115,73,1,6.43,40.2936
"311","MELFORT_2019","3","MELFORT","2019","FP2592","3",123,78,1,7.13,40.273
"312","MELFORT_2019","2","MELFORT","2019","FP2593","3",127,78,1,7.4,39.4902
"313","MELFORT_2019","2","MELFORT","2019","FP2573","3",123,77,1,6.69,39.4696
"314","MELFORT_2019","2","MELFORT","2019","FP2595","3",130,73,1,6.81,39.4078
"315","MELFORT_2019","3","MELFORT","2019","FP2567","3",119,78,1,7,39.3872
"316","MELFORT_2019","2","MELFORT","2019","FP2591","3",125,75,1,6.98,39.3666
"317","MELFORT_2019","1","MELFORT","2019","FP2592","3",125,75,1,7.38,39.243
"318","MELFORT_2019","3","MELFORT","2019","FP2566","3",121,79,1,6.27,38.8722
"319","MELFORT_2019","3","MELFORT","2019","CDC Buryu","3",121,76,1,6.47,38.8104
"320","MELFORT_2019","3","MELFORT","2019","FP2590","3",125,76,1,6.88,38.8104
"321","MELFORT_2019","3","MELFORT","2019","FP2591","3",126,75,1,7.06,38.7898
"322","MELFORT_2019","1","MELFORT","2019","AAC Marvelous","3",125,74,1,6.55,38.7074
"323","MELFORT_2019","1","MELFORT","2019","CDC Rowland","3",124,68,1,7.05,38.522
"324","MELFORT_2019","3","MELFORT","2019","FP2593","3",125,74,1,7.38,38.522
"325","MELFORT_2019","3","MELFORT","2019","AAC Bright","3",123,78,1,6.46,38.4808
"326","MELFORT_2019","2","MELFORT","2019","AAC Marvelous","3",125,77,1,6.39,38.3778
"327","MELFORT_2019","2","MELFORT","2019","FP2566","3",124,78,1,6.43,38.2542
"328","MELFORT_2019","2","MELFORT","2019","Topaz","3",121,75,1,6.35,37.9658
"329","MELFORT_2019","3","MELFORT","2019","AAC Prairie Sunshine","3",124,75,1,6.05,37.8628
"330","MELFORT_2019","1","MELFORT","2019","FP2566","3",123,75,1,6.31,37.7804
"331","MELFORT_2019","1","MELFORT","2019","FP2595","3",126,73,1,6.71,37.6362
"332","MELFORT_2019","2","MELFORT","2019","CDC Rowland","3",129,70,1,7.42,37.5744
"333","MELFORT_2019","2","MELFORT","2019","FP2590","3",128,75,1,7.07,37.492
"334","MELFORT_2019","1","MELFORT","2019","CDC Bethune","3",119,71,1,6.39,37.2448
"335","MELFORT_2019","1","MELFORT","2019","FP2590","3",125,73,1,7.07,37.1624
"336","MELFORT_2019","3","MELFORT","2019","ND Hammond","3",126,80,1,5.83,37.0388
"337","MELFORT_2019","2","MELFORT","2019","CDC Bethune","3",117,80,1,6.37,37.0182
"338","MELFORT_2019","1","MELFORT","2019","FP2593","3",126,73,1,7.54,36.8122
"339","MELFORT_2019","1","MELFORT","2019","Topaz","3",120,72,1,6.37,36.6268
"340","MELFORT_2019","1","MELFORT","2019","FP2573","3",123,76,1,6.74,36.565
"341","MELFORT_2019","2","MELFORT","2019","AAC Bright","3",124,77,1,6.45,36.256
"342","MELFORT_2019","1","MELFORT","2019","AAC Bright","3",121,70,1,6.27,35.9882
"343","MELFORT_2019","1","MELFORT","2019","FP2589","3",122,72,1,7.14,35.7822
"344","MELFORT_2019","1","MELFORT","2019","CDC Glas","3",119,76,1,5.71,35.7616
"345","MELFORT_2019","2","MELFORT","2019","AAC Prairie Sunshine","3",126,78,1,6.13,35.741
"346","MELFORT_2019","1","MELFORT","2019","AAC Prairie Sunshine","3",126,75,1,6.03,35.2672
"347","MELFORT_2019","1","MELFORT","2019","FP2591","3",124,70,1,6.6,34.9376
"348","MELFORT_2019","2","MELFORT","2019","FP2567","3",124,76,1,7.08,34.6698
"349","MELFORT_2019","2","MELFORT","2019","ND Hammond","3",126,80,1,5.69,33.4338
"350","MELFORT_2019","1","MELFORT","2019","ND Hammond","3",125,78,1,5.61,33.0218
"351","MELFORT_2019","2","MELFORT","2019","CDC Buryu","3",123,75,1,6.51,32.3832
"352","MELFORT_2019","3","MELFORT","2019","CDC Dorado","3",115,63,1,6.18,32.3832
"353","MELFORT_2019","2","MELFORT","2019","CDC Dorado","3",123,60,1,6.46,32.342
"354","MELFORT_2019","1","MELFORT","2019","CDC Dorado","3",122,65,1,6.39,30.8382
"355","MELFORT_2019","1","MELFORT","2019","CDC Buryu","3",119,78,1,6.26,30.3026
"356","MELFORT_2019","1","MELFORT","2019","FP2567","3",119,78,1,6.9,30.282
"357","MELFORT_2019","3","MELFORT","2019","CDC Rowland","3",128,68,1,7.25,NA
"358","MELITA_2019","1","MELITA","2019","FP2593","1",95,63,1,6.14,33.0845542459373
"359","MELITA_2019","2","MELITA","2019","FP2573","1",95,55,1,5.43,32.9155868696685
"360","MELITA_2019","2","MELITA","2019","FP2590","1",95,53,1,5.7,32.1231445110848
"361","MELITA_2019","1","MELITA","2019","FP2595","1",95,59,2,5.41,31.6348082367584
"362","MELITA_2019","1","MELITA","2019","FP2594","1",95,60,1,5.64,31.0052219321149
"363","MELITA_2019","2","MELITA","2019","FP2594","1",95,67,2,5.24,30.7323808718686
"364","MELITA_2019","2","MELITA","2019","FP2567","1",95,59,1,5.62,30.572085760108
"365","MELITA_2019","2","MELITA","2019","FP2592","1",94,56,2,6.01,30.4515850596359
"366","MELITA_2019","2","MELITA","2019","CDC Rowland","1",95,54,1,5.83,30.3870016513329
"367","MELITA_2019","2","MELITA","2019","FP2591","1",94,52,1,5.46,30.1680840084263
"368","MELITA_2019","1","MELITA","2019","FP2590","1",95,58,1,5.49,29.8203295484166
"369","MELITA_2019","1","MELITA","2019","FP2591","1",95,62,2,5.68,29.7942959085938
"370","MELITA_2019","2","MELITA","2019","FP2566","1",95,63,2,5.16,29.7188381792202
"371","MELITA_2019","2","MELITA","2019","CDC Glas","1",92,53,2,4.91,29.3766956739302
"372","MELITA_2019","3","MELITA","2019","FP2594","1",96,58,2,5.4,29.181442357118
"373","MELITA_2019","1","MELITA","2019","FP2592","1",95,61,1,6.27,29.1507549252296
"374","MELITA_2019","2","MELITA","2019","FP2593","1",94,59,2,5.8,29.1429061024902
"375","MELITA_2019","1","MELITA","2019","FP2566","1",93,61,1,5.13,28.9935012019721
"376","MELITA_2019","2","MELITA","2019","ND Hammond","1",96,69,1,5.03,28.9088299346276
"377","MELITA_2019","2","MELITA","2019","FP2589","1",95,58,1,5.84,28.7619957697063
"378","MELITA_2019","1","MELITA","2019","FP2567","1",95,63,1,5.64,28.6520128388763
"379","MELITA_2019","1","MELITA","2019","CDC Dorado","1",94,57,2,5.53,28.5301026762954
"380","MELITA_2019","3","MELITA","2019","FP2591","1",96,53,3,5.77,28.4513614815646
"381","MELITA_2019","1","MELITA","2019","CDC Bethune","1",93,51,1,5.28,28.4194500756186
"382","MELITA_2019","2","MELITA","2019","CDC Buryu","1",95,66,1,5.56,28.3253205128205
"383","MELITA_2019","2","MELITA","2019","CDC Bethune","1",92,50,2,5.26,28.2750091932564
"384","MELITA_2019","2","MELITA","2019","FP2595","1",95,67,2,5.24,28.2055355899216
"385","MELITA_2019","2","MELITA","2019","AAC Marvelous","1",95,65,1,5.22,28.1385517827862
"386","MELITA_2019","1","MELITA","2019","AAC Prairie Sunshine","1",95,62,1,5,28.0538614504688
"387","MELITA_2019","3","MELITA","2019","FP2573","1",95,62,1,5.31,28.0482075744435
"388","MELITA_2019","2","MELITA","2019","Topaz","1",92,64,1,5.27,27.8491598188568
"389","MELITA_2019","2","MELITA","2019","AAC Bright","1",92,53,1,5.35,27.7796249651141
"390","MELITA_2019","2","MELITA","2019","AAC Prairie Sunshine","1",95,61,1,4.98,27.6994453741595
"391","MELITA_2019","1","MELITA","2019","FP2589","1",95,57,1,5.96,27.5258512570871
"392","MELITA_2019","1","MELITA","2019","ND Hammond","1",95,60,1,5.07,27.2850488821865
"393","MELITA_2019","3","MELITA","2019","AAC Prairie Sunshine","1",98,67,1,4.9,27.2848685116343
"394","MELITA_2019","3","MELITA","2019","CDC Rowland","1",96,57,3,5.74,27.2723294385366
"395","MELITA_2019","1","MELITA","2019","CDC Rowland","1",95,65,1,5.9,27.1715674748272
"396","MELITA_2019","2","MELITA","2019","CDC Dorado","1",92,47,3,5.39,27.0419134235759
"397","MELITA_2019","3","MELITA","2019","Topaz","1",93,65,2,5.28,27.0253884753857
"398","MELITA_2019","3","MELITA","2019","FP2566","1",93,58,1,5.06,27.0081417351737
"399","MELITA_2019","1","MELITA","2019","CDC Glas","1",95,61,1,4.94,26.6837853483022
"400","MELITA_2019","1","MELITA","2019","FP2573","1",95,68,1,5.48,26.6034826675292
"401","MELITA_2019","1","MELITA","2019","CDC Buryu","1",95,66,1,5.51,26.5090778318292
"402","MELITA_2019","3","MELITA","2019","CDC Bethune","1",93,60,2,5.27,26.5016683066495
"403","MELITA_2019","3","MELITA","2019","FP2590","1",95,56,1,5.43,26.0646752491642
"404","MELITA_2019","3","MELITA","2019","AAC Marvelous","1",99,57,1,5.55,26.039599775814
"405","MELITA_2019","3","MELITA","2019","CDC Dorado","1",93,51,3,5.56,25.9937251157948
"406","MELITA_2019","3","MELITA","2019","FP2593","1",96,56,2,5.8,25.7117366324921
"407","MELITA_2019","3","MELITA","2019","FP2595","1",95,54,2,5.11,25.6735359596176
"408","MELITA_2019","1","MELITA","2019","AAC Marvelous","1",95,57,1,5.44,25.658974386573
"409","MELITA_2019","3","MELITA","2019","ND Hammond","1",100,60,1,5.14,25.3383302597641
"410","MELITA_2019","3","MELITA","2019","FP2589","1",98,60,1,6.01,25.3010532854708
"411","MELITA_2019","3","MELITA","2019","CDC Glas","1",98,68,1,4.98,24.9947832220073
"412","MELITA_2019","3","MELITA","2019","FP2592","1",95,58,2,6.03,24.9911629551078
"413","MELITA_2019","1","MELITA","2019","AAC Bright","1",95,60,1,5.4,24.9605225380419
"414","MELITA_2019","3","MELITA","2019","CDC Buryu","1",95,62,2,5.54,24.7481775160161
"415","MELITA_2019","1","MELITA","2019","Topaz","1",95,59,1,5.33,24.6055926724371
"416","MELITA_2019","3","MELITA","2019","FP2567","1",95,59,1,5.56,24.4624510033236
"417","MELITA_2019","3","MELITA","2019","AAC Bright","1",95,62,2,5.47,24.0440369847986
"418","REDVERS_2019","2","REDVERS","2019","FP2591","1",106,54,1,6.29,31.1965811965812
"419","REDVERS_2019","2","REDVERS","2019","FP2594","1",105,57,1,6.07,30.982905982906
"420","REDVERS_2019","2","REDVERS","2019","FP2566","1",104,57,1,5.27,30.5555555555556
"421","REDVERS_2019","2","REDVERS","2019","FP2592","1",104,59,1,6.42,30.5555555555556
"422","REDVERS_2019","2","REDVERS","2019","FP2593","1",97,59,1,6.28,29.2735042735043
"423","REDVERS_2019","1","REDVERS","2019","FP2591","1",102,52,1,6.06,28.2051282051282
"424","REDVERS_2019","2","REDVERS","2019","CDC Glas","1",93,60.5,1,4.73,27.7777777777778
"425","REDVERS_2019","1","REDVERS","2019","FP2592","1",96,58,1,6.12,27.7777777777778
"426","REDVERS_2019","1","REDVERS","2019","FP2566","1",95,53,1,5.06,27.3504273504274
"427","REDVERS_2019","2","REDVERS","2019","AAC Prairie Sunshine","1",94,60.5,1,4.97,27.1367521367521
"428","REDVERS_2019","1","REDVERS","2019","AAC Marvelous","1",96,63,1,5.3,26.4957264957265
"429","REDVERS_2019","3","REDVERS","2019","FP2591","1",102,52,1,6.2,26.4957264957265
"430","REDVERS_2019","1","REDVERS","2019","FP2595","1",97,57,1,5.46,26.4957264957265
"431","REDVERS_2019","2","REDVERS","2019","FP2595","1",97,51,1,5.54,26.4957264957265
"432","REDVERS_2019","1","REDVERS","2019","FP2589","1",95,59,1,6.14,26.2820512820513
"433","REDVERS_2019","1","REDVERS","2019","FP2590","1",94,61,1,5.66,26.2820512820513
"434","REDVERS_2019","2","REDVERS","2019","FP2590","1",99,54,1,5.8,26.2820512820513
"435","REDVERS_2019","1","REDVERS","2019","FP2594","1",93,59,1,5.69,26.0683760683761
"436","REDVERS_2019","1","REDVERS","2019","Topaz","1",94,52,1,5.34,25.8547008547009
"437","REDVERS_2019","2","REDVERS","2019","FP2567","1",97,65,1,5.55,25.6410256410256
"438","REDVERS_2019","2","REDVERS","2019","Topaz","1",96,61,1,5.19,25.6410256410256
"439","REDVERS_2019","3","REDVERS","2019","FP2594","1",97,54,1,5.52,25.2136752136752
"440","REDVERS_2019","2","REDVERS","2019","AAC Bright","1",98,61,1,5.01,25
"441","REDVERS_2019","3","REDVERS","2019","FP2593","1",95,57,1,6.17,25
"442","REDVERS_2019","1","REDVERS","2019","AAC Prairie Sunshine","1",98,57,1,5.04,24.7863247863248
"443","REDVERS_2019","2","REDVERS","2019","CDC Buryu","1",91,59.5,1,5.3,24.7863247863248
"444","REDVERS_2019","2","REDVERS","2019","FP2589","1",97,58,1,6.12,24.5726495726496
"445","REDVERS_2019","3","REDVERS","2019","FP2592","1",102,59,1,6.11,24.5726495726496
"446","REDVERS_2019","1","REDVERS","2019","CDC Buryu","1",95,56,1,5.08,24.3589743589744
"447","REDVERS_2019","2","REDVERS","2019","FP2573","1",92,59,1,5.35,24.3589743589744
"448","REDVERS_2019","2","REDVERS","2019","CDC Bethune","1",92,54,1,5.22,24.1452991452991
"449","REDVERS_2019","3","REDVERS","2019","FP2590","1",92,58,1,5.94,24.1452991452991
"450","REDVERS_2019","3","REDVERS","2019","FP2573","1",92,58,1,5.47,23.9316239316239
"451","REDVERS_2019","1","REDVERS","2019","ND Hammond","1",93,64,1,4.8,23.7179487179487
"452","REDVERS_2019","3","REDVERS","2019","Topaz","1",94,57,1,5.29,23.7179487179487
"453","REDVERS_2019","1","REDVERS","2019","FP2567","1",99,58,1,5.44,23.5042735042735
"454","REDVERS_2019","1","REDVERS","2019","CDC Bethune","1",93,57,1,5.06,23.2905982905983
"455","REDVERS_2019","3","REDVERS","2019","FP2595","1",91,53.5,1,5.45,23.2905982905983
"456","REDVERS_2019","3","REDVERS","2019","CDC Bethune","1",93,65,1,5.57,23.0769230769231
"457","REDVERS_2019","1","REDVERS","2019","CDC Rowland","1",103,63,1,6.06,23.0769230769231
"458","REDVERS_2019","3","REDVERS","2019","FP2566","1",92,58.5,1,5.13,23.0769230769231
"459","REDVERS_2019","3","REDVERS","2019","FP2589","1",97,58,1,6.27,23.0769230769231
"460","REDVERS_2019","1","REDVERS","2019","FP2593","1",101,51,1,6.1,23.0769230769231
"461","REDVERS_2019","2","REDVERS","2019","AAC Marvelous","1",105,62,1,5.4,22.8632478632479
"462","REDVERS_2019","3","REDVERS","2019","FP2567","1",99,59.5,1,5.92,22.8632478632479
"463","REDVERS_2019","2","REDVERS","2019","CDC Dorado","1",91,46,1,5.52,22.6495726495727
"464","REDVERS_2019","1","REDVERS","2019","CDC Glas","1",93,56,1,4.69,22.6495726495727
"465","REDVERS_2019","2","REDVERS","2019","CDC Rowland","1",103,56,1,6.08,22.6495726495727
"466","REDVERS_2019","1","REDVERS","2019","AAC Bright","1",97,58,1,5.07,22.4358974358974
"467","REDVERS_2019","3","REDVERS","2019","CDC Glas","1",94,55.5,1,4.84,22.4358974358974
"468","REDVERS_2019","3","REDVERS","2019","AAC Marvelous","1",101,60,1,5.3,22.2222222222222
"469","REDVERS_2019","1","REDVERS","2019","FP2573","1",93,55,1,5.28,22.008547008547
"470","REDVERS_2019","3","REDVERS","2019","CDC Rowland","1",94,57,1,5.99,21.5811965811966
"471","REDVERS_2019","1","REDVERS","2019","CDC Dorado","1",91,49,1,5.24,20.9401709401709
"472","REDVERS_2019","3","REDVERS","2019","AAC Bright","1",102,60.5,1,5.34,20.2991452991453
"473","REDVERS_2019","3","REDVERS","2019","CDC Dorado","1",91,59,1,5.31,20.0854700854701
"474","REDVERS_2019","2","REDVERS","2019","ND Hammond","1",98,64,1,4.64,19.6581196581197
"475","REDVERS_2019","3","REDVERS","2019","CDC Buryu","1",92,53,1,5.2,19.017094017094
"476","REDVERS_2019","3","REDVERS","2019","AAC Prairie Sunshine","1",99,59,1,5.09,18.8034188034188
"477","REDVERS_2019","3","REDVERS","2019","ND Hammond","1",101,57,1,5.05,17.3076923076923
"478","ROBLIN_2019","3","ROBLIN","2019","FP2593","3",104,53,1,6.62,29.5001263104711
"479","ROBLIN_2019","1","ROBLIN","2019","FP2595","3",119,53,1,6.26,28.0393772893773
"480","ROBLIN_2019","3","ROBLIN","2019","FP2566","3",119,58,1,5.92,27.9273566190402
"481","ROBLIN_2019","3","ROBLIN","2019","FP2590","3",119,48.5,1,6.49,27.070762912652
"482","ROBLIN_2019","2","ROBLIN","2019","FP2593","3",119,58,1,6.89,26.9731354863738
"483","ROBLIN_2019","3","ROBLIN","2019","FP2592","3",119,59.5,1,6.82,26.8549912147473
"484","ROBLIN_2019","3","ROBLIN","2019","FP2573","3",114,58,1,6.19,26.749367471017
"485","ROBLIN_2019","1","ROBLIN","2019","FP2573","3",104,58.5,1,6.19,26.0478118372855
"486","ROBLIN_2019","3","ROBLIN","2019","FP2567","3",111,59.5,1,6.45,26.0299306938818
"487","ROBLIN_2019","3","ROBLIN","2019","FP2591","3",118,53.5,1,6.25,25.6623076923077
"488","ROBLIN_2019","2","ROBLIN","2019","FP2591","3",119,55,1,6.44,25.544706959707
"489","ROBLIN_2019","2","ROBLIN","2019","FP2592","3",105,53,1,6.75,25.4386813186813
"490","ROBLIN_2019","2","ROBLIN","2019","CDC Buryu","3",118,63.5,1,6.01,25.3420699383432
"491","ROBLIN_2019","1","ROBLIN","2019","FP2591","3",119,54,1,6.55,25.0429846184563
"492","ROBLIN_2019","3","ROBLIN","2019","Topaz","3",119,60,1,5.81,25.00104020388
"493","ROBLIN_2019","3","ROBLIN","2019","FP2594","3",119,60,1,6.3,24.810815056631
"494","ROBLIN_2019","2","ROBLIN","2019","FP2573","3",106,57.5,1,6.14,24.3718740329742
"495","ROBLIN_2019","1","ROBLIN","2019","FP2566","3",102,57.5,1,5.73,24.0895718864469
"496","ROBLIN_2019","3","ROBLIN","2019","CDC Bethune","3",104,57,1,5.89,24.0423807229653
"497","ROBLIN_2019","1","ROBLIN","2019","FP2594","3",119,58.5,1,6.37,23.516843340026
"498","ROBLIN_2019","2","ROBLIN","2019","CDC Rowland","3",119,60,1,6.68,23.5052043665905
"499","ROBLIN_2019","2","ROBLIN","2019","FP2595","3",109,54,1,6.16,23.4880499038915
"500","ROBLIN_2019","1","ROBLIN","2019","FP2592","3",119,51.5,1,6.67,23.3845354381069
"501","ROBLIN_2019","2","ROBLIN","2019","FP2589","3",119,54,1,6.77,23.2164923429984
"502","ROBLIN_2019","1","ROBLIN","2019","ND Hammond","3",110,58.5,1,5.47,23.1213253020719
"503","ROBLIN_2019","1","ROBLIN","2019","CDC Bethune","3",97,57.5,1,5.88,23.115884799663
"504","ROBLIN_2019","3","ROBLIN","2019","AAC Marvelous","3",118,54,1,6.16,22.9504746953727
"505","ROBLIN_2019","3","ROBLIN","2019","CDC Buryu","3",105,58,1,5.83,22.6838797121816
"506","ROBLIN_2019","1","ROBLIN","2019","AAC Marvelous","3",119,59,1,5.99,22.6711412340155
"507","ROBLIN_2019","3","ROBLIN","2019","AAC Bright","3",115,59,1,5.61,22.6097968562327
"508","ROBLIN_2019","2","ROBLIN","2019","AAC Marvelous","3",119,62.5,1,6.07,22.4738461538462
"509","ROBLIN_2019","1","ROBLIN","2019","FP2590","3",119,51.5,1,6.29,22.4722210204494
"510","ROBLIN_2019","3","ROBLIN","2019","AAC Prairie Sunshine","3",119,62.5,1,5.56,22.2905340273761
"511","ROBLIN_2019","1","ROBLIN","2019","FP2567","3",118,57,1,6.24,22.2461218615065
"512","ROBLIN_2019","1","ROBLIN","2019","CDC Buryu","3",119,62.5,1,5.86,22.2089022089022
"513","ROBLIN_2019","3","ROBLIN","2019","FP2589","3",119,59.5,1,6.62,22.019367157665
"514","ROBLIN_2019","3","ROBLIN","2019","CDC Rowland","3",119,57,1,6.55,21.7138803819132
"515","ROBLIN_2019","2","ROBLIN","2019","FP2566","3",118,60,1,5.52,21.2215829357283
"516","ROBLIN_2019","3","ROBLIN","2019","FP2595","3",119,56.5,1,5.8,21.2081043956044
"517","ROBLIN_2019","3","ROBLIN","2019","CDC Dorado","3",110,51.5,1,6.15,21.1377041038058
"518","ROBLIN_2019","2","ROBLIN","2019","Topaz","3",106,59,1,5.71,21.1265942892449
"519","ROBLIN_2019","2","ROBLIN","2019","CDC Bethune","3",106,62.5,1,5.87,21.1184854749211
"520","ROBLIN_2019","1","ROBLIN","2019","FP2593","3",118,58.5,1,6.69,21.0851648351648
"521","ROBLIN_2019","2","ROBLIN","2019","ND Hammond","3",99,52,1,5.4,20.5862667003051
"522","ROBLIN_2019","2","ROBLIN","2019","AAC Prairie Sunshine","3",119,59.5,1,5.66,20.4378987219224
"523","ROBLIN_2019","3","ROBLIN","2019","CDC Glas","3",111,58.5,1,5.19,20.4055738076357
"524","ROBLIN_2019","1","ROBLIN","2019","FP2589","3",114,56.5,1,6.74,20.3866583514333
"525","ROBLIN_2019","1","ROBLIN","2019","AAC Bright","3",101,60.5,1,5.56,20.0299495586381
"526","ROBLIN_2019","2","ROBLIN","2019","FP2567","3",114,57.5,1,5.96,20.0223707488237
"527","ROBLIN_2019","2","ROBLIN","2019","FP2594","3",103,51,1,6.06,19.9842490842491
"528","ROBLIN_2019","2","ROBLIN","2019","CDC Glas","3",104,66,1,5.4,19.5992940932212
"529","ROBLIN_2019","1","ROBLIN","2019","CDC Dorado","3",99,47.5,1,6.07,19.4675669983678
"530","ROBLIN_2019","3","ROBLIN","2019","ND Hammond","3",102,57.5,1,5.32,19.2390166769049
"531","ROBLIN_2019","1","ROBLIN","2019","CDC Glas","3",111,56.5,1,5.16,18.581182131478
"532","ROBLIN_2019","2","ROBLIN","2019","CDC Dorado","3",103,47,1,6.1,17.4421049964528
"533","ROBLIN_2019","1","ROBLIN","2019","CDC Rowland","3",101,54,1,6.27,16.301510989011
"534","ROBLIN_2019","1","ROBLIN","2019","Topaz","3",97,59,1,5.49,15.48004626952
"535","ROBLIN_2019","2","ROBLIN","2019","AAC Bright","3",118,55,1,5.77,NA
"536","ROBLIN_2019","1","ROBLIN","2019","AAC Prairie Sunshine","3",106,58.5,1,6.16,NA
"537","ROBLIN_2019","2","ROBLIN","2019","FP2590","3",111,54.5,1,6.08,NA
"538","SASKATOON_2019","3","SASKATOON","2019","CDC Rowland","2",137,55,2,7.04,28.2779
"539","SASKATOON_2019","3","SASKATOON","2019","FP2592","2",141,57,1,6.88,28.0789
"540","SASKATOON_2019","1","SASKATOON","2019","CDC Bethune","2",136,71,1,5.91,27.8799
"541","SASKATOON_2019","3","SASKATOON","2019","FP2566","2",140,62,3,5.92,27.7207
"542","SASKATOON_2019","1","SASKATOON","2019","Topaz","2",136,69,1,5.68,27.4222
"543","SASKATOON_2019","3","SASKATOON","2019","AAC Bright","2",139,59,1,5.84,27.4023
"544","SASKATOON_2019","3","SASKATOON","2019","FP2567","2",139,65,2,6.47,27.0441
"545","SASKATOON_2019","1","SASKATOON","2019","FP2592","2",144,70,1,6.68,26.8451
"546","SASKATOON_2019","3","SASKATOON","2019","FP2591","2",141,61,2,6.63,26.7655
"547","SASKATOON_2019","3","SASKATOON","2019","FP2589","2",141,61,2,6.72,26.6461
"548","SASKATOON_2019","2","SASKATOON","2019","FP2566","2",137,63,3,5.94,26.6063
"549","SASKATOON_2019","2","SASKATOON","2019","FP2591","2",139,62,2,6.52,26.467
"550","SASKATOON_2019","3","SASKATOON","2019","FP2590","2",140,64,2,6.44,26.4471
"551","SASKATOON_2019","3","SASKATOON","2019","CDC Bethune","2",138,58,1,5.91,26.2282
"552","SASKATOON_2019","3","SASKATOON","2019","Topaz","2",142,65,2,5.91,26.1088
"553","SASKATOON_2019","3","SASKATOON","2019","FP2594","2",144,64,3,6.35,26.069
"554","SASKATOON_2019","1","SASKATOON","2019","FP2591","2",138,62,1,6.6,25.9496
"555","SASKATOON_2019","3","SASKATOON","2019","CDC Dorado","2",136,56,3,6.27,25.8899
"556","SASKATOON_2019","1","SASKATOON","2019","FP2589","2",139,62,2,6.65,25.7108
"557","SASKATOON_2019","2","SASKATOON","2019","Topaz","2",137,65,2,5.9,25.6113
"558","SASKATOON_2019","3","SASKATOON","2019","CDC Buryu","2",141,62,2,6.11,25.5317
"559","SASKATOON_2019","2","SASKATOON","2019","CDC Bethune","2",137,65,1,5.93,25.4919
"560","SASKATOON_2019","2","SASKATOON","2019","CDC Rowland","2",139,60,2,6.92,25.4919
"561","SASKATOON_2019","1","SASKATOON","2019","FP2566","2",138,63,1,5.77,25.3128
"562","SASKATOON_2019","1","SASKATOON","2019","FP2595","2",141,61,1,6.27,25.3128
"563","SASKATOON_2019","2","SASKATOON","2019","FP2589","2",139,62,2,6.88,25.1934
"564","SASKATOON_2019","3","SASKATOON","2019","FP2593","2",142,64,2,6.9,25.1735
"565","SASKATOON_2019","1","SASKATOON","2019","CDC Buryu","2",137,69,1,5.78,25.1138
"566","SASKATOON_2019","1","SASKATOON","2019","CDC Dorado","2",134,55,2,6.17,25.1138
"567","SASKATOON_2019","2","SASKATOON","2019","FP2590","2",141,62,2,6.56,25.0939
"568","SASKATOON_2019","2","SASKATOON","2019","CDC Glas","2",139,57,1,5.38,24.9745
"569","SASKATOON_2019","1","SASKATOON","2019","FP2593","2",140,62,2,6.74,24.9347
"570","SASKATOON_2019","1","SASKATOON","2019","AAC Marvelous","2",139,63,2,6.13,24.875
"571","SASKATOON_2019","3","SASKATOON","2019","AAC Marvelous","2",139,62,2,6.12,24.875
"572","SASKATOON_2019","3","SASKATOON","2019","CDC Glas","2",139,66,1,5.43,24.7158
"573","SASKATOON_2019","1","SASKATOON","2019","FP2590","2",140,60,2,6.34,24.7158
"574","SASKATOON_2019","2","SASKATOON","2019","AAC Marvelous","2",140,63,2,6.14,24.6959
"575","SASKATOON_2019","1","SASKATOON","2019","CDC Glas","2",138,66,2,5.3,24.6959
"576","SASKATOON_2019","3","SASKATOON","2019","FP2573","2",140,60,3,6.05,24.4969
"577","SASKATOON_2019","2","SASKATOON","2019","FP2593","2",142,66,1,6.97,24.4173
"578","SASKATOON_2019","2","SASKATOON","2019","FP2592","2",144,68,1,6.8,24.278
"579","SASKATOON_2019","2","SASKATOON","2019","FP2573","2",142,65,3,6.23,24.1984
"580","SASKATOON_2019","1","SASKATOON","2019","FP2567","2",140,65,2,6.56,24.1785
"581","SASKATOON_2019","1","SASKATOON","2019","AAC Bright","2",139,65,1,5.86,23.9397
"582","SASKATOON_2019","3","SASKATOON","2019","FP2595","2",142,61,1,6.21,23.7606
"583","SASKATOON_2019","1","SASKATOON","2019","CDC Rowland","2",141,64,1,6.84,23.5019
"584","SASKATOON_2019","1","SASKATOON","2019","AAC Prairie Sunshine","2",140,61,2,5.65,22.7258
"585","SASKATOON_2019","1","SASKATOON","2019","FP2573","2",139,65,2,6.01,22.5865
"586","SASKATOON_2019","2","SASKATOON","2019","FP2595","2",142,65,1,6.18,22.5865
"587","SASKATOON_2019","2","SASKATOON","2019","CDC Dorado","2",135,56,3,6.15,22.4074
"588","SASKATOON_2019","2","SASKATOON","2019","AAC Bright","2",140,66,1,5.8,22.3079
"589","SASKATOON_2019","1","SASKATOON","2019","FP2594","2",141,60,1,6.26,22.1686
"590","SASKATOON_2019","2","SASKATOON","2019","CDC Buryu","2",140,59,2,5.88,22.1089
"591","SASKATOON_2019","3","SASKATOON","2019","AAC Prairie Sunshine","2",141,65,2,5.61,21.9099
"592","SASKATOON_2019","2","SASKATOON","2019","FP2594","2",142,64,1,6.3,21.89
"593","SASKATOON_2019","1","SASKATOON","2019","ND Hammond","2",143,72,1,5.43,21.5119
"594","SASKATOON_2019","2","SASKATOON","2019","AAC Prairie Sunshine","2",142,64,1,5.61,20.7756
"595","SASKATOON_2019","2","SASKATOON","2019","ND Hammond","2",140,60,1,5.58,20.3776
"596","SASKATOON_2019","3","SASKATOON","2019","ND Hammond","2",140,64,1,5.48,19.5816
"597","SASKATOON_2019","2","SASKATOON","2019","FP2567","2",142,69,2,6.26,18.2682
"598","SCOTT_2019","1","SCOTT","2019","FP2590","2",129,59,NA,7.67,46.751875
"599","SCOTT_2019","1","SCOTT","2019","FP2594","2",133,60.5,NA,7.81,45.885735
"600","SCOTT_2019","2","SCOTT","2019","FP2594","2",132,63.5,NA,7.61,45.806995
"601","SCOTT_2019","3","SCOTT","2019","FP2595","2",130,67,NA,7.2,45.767625
"602","SCOTT_2019","2","SCOTT","2019","FP2567","2",131,62,NA,7.54,45.688885
"603","SCOTT_2019","3","SCOTT","2019","FP2573","2",126,62.5,NA,7.35,44.783375
"604","SCOTT_2019","1","SCOTT","2019","FP2589","2",128,57.5,NA,8.19,44.507785
"605","SCOTT_2019","1","SCOTT","2019","CDC Rowland","2",130,61.5,NA,8.22,43.58259
"606","SCOTT_2019","1","SCOTT","2019","FP2591","2",132,58.5,NA,7.9,42.71645
"607","SCOTT_2019","2","SCOTT","2019","FP2595","2",129,63.5,NA,7.42,42.63771
"608","SCOTT_2019","2","SCOTT","2019","FP2592","2",132,65,NA,8.16,42.5196
"609","SCOTT_2019","2","SCOTT","2019","FP2591","2",130,59,NA,7.82,42.303065
"610","SCOTT_2019","3","SCOTT","2019","FP2589","2",125,63,NA,8.02,42.20464
"611","SCOTT_2019","3","SCOTT","2019","FP2594","2",129,62.5,NA,7.52,41.96842
"612","SCOTT_2019","1","SCOTT","2019","FP2567","2",129,58,NA,7.46,41.77157
"613","SCOTT_2019","3","SCOTT","2019","FP2566","2",124,60,NA,6.98,41.751885
"614","SCOTT_2019","3","SCOTT","2019","FP2592","2",127,63,NA,7.98,41.3385
"615","SCOTT_2019","2","SCOTT","2019","FP2589","2",127,61.5,NA,8.12,41.318815
"616","SCOTT_2019","3","SCOTT","2019","CDC Rowland","2",126,58,NA,8.03,41.161335
"617","SCOTT_2019","1","SCOTT","2019","FP2593","2",132,59.5,NA,8.29,40.373935
"618","SCOTT_2019","3","SCOTT","2019","FP2593","2",126,60,NA,8.11,40.03929
"619","SCOTT_2019","1","SCOTT","2019","FP2573","2",129,63.5,NA,7.54,39.96055
"620","SCOTT_2019","1","SCOTT","2019","FP2592","2",133,61,NA,8.19,39.901495
"621","SCOTT_2019","3","SCOTT","2019","AAC Marvelous","2",124,64.5,NA,6.99,39.29126
"622","SCOTT_2019","3","SCOTT","2019","FP2590","2",127,58,NA,7.53,39.192835
"623","SCOTT_2019","1","SCOTT","2019","FP2595","2",132,60,NA,7.59,38.956615
"624","SCOTT_2019","2","SCOTT","2019","FP2590","2",130,52.5,NA,7.55,38.838505
"625","SCOTT_2019","1","SCOTT","2019","FP2566","2",122,54,NA,6.94,38.50386
"626","SCOTT_2019","1","SCOTT","2019","AAC Prairie Sunshine","2",131,62.5,NA,6.48,38.287325
"627","SCOTT_2019","3","SCOTT","2019","AAC Prairie Sunshine","2",131,61,NA,6.41,38.169215
"628","SCOTT_2019","2","SCOTT","2019","AAC Marvelous","2",127,62.5,NA,7.14,38.14953
"629","SCOTT_2019","1","SCOTT","2019","CDC Glas","2",123,59,NA,6.27,38.14953
"630","SCOTT_2019","2","SCOTT","2019","CDC Glas","2",125,58.5,NA,6.38,38.11016
"631","SCOTT_2019","2","SCOTT","2019","AAC Bright","2",131,65.5,NA,6.85,38.090475
"632","SCOTT_2019","3","SCOTT","2019","FP2567","2",128,64,NA,7.48,38.090475
"633","SCOTT_2019","2","SCOTT","2019","FP2566","2",121,61,NA,7.06,37.814885
"634","SCOTT_2019","1","SCOTT","2019","AAC Marvelous","2",127,57,NA,7.08,37.75583
"635","SCOTT_2019","3","SCOTT","2019","FP2591","2",124,60,NA,7.67,37.499925
"636","SCOTT_2019","2","SCOTT","2019","FP2593","2",130,58,NA,8.14,37.20465
"637","SCOTT_2019","2","SCOTT","2019","Topaz","2",121,60,NA,6.59,36.948745
"638","SCOTT_2019","2","SCOTT","2019","FP2573","2",126,62.5,NA,7.29,36.77158
"639","SCOTT_2019","1","SCOTT","2019","CDC Bethune","2",122,56,NA,6.97,36.10229
"640","SCOTT_2019","2","SCOTT","2019","AAC Prairie Sunshine","2",130,59,NA,6.4,36.06292
"641","SCOTT_2019","1","SCOTT","2019","CDC Buryu","2",125,58.5,NA,6.88,36.06292
"642","SCOTT_2019","2","SCOTT","2019","CDC Rowland","2",129,60.5,NA,8.14,35.66922
"643","SCOTT_2019","3","SCOTT","2019","CDC Buryu","2",121,57.5,NA,6.88,34.980245
"644","SCOTT_2019","3","SCOTT","2019","CDC Glas","2",120,55.5,NA,6.35,34.80308
"645","SCOTT_2019","3","SCOTT","2019","ND Hammond","2",127,70.5,NA,5.91,34.68497
"646","SCOTT_2019","3","SCOTT","2019","Topaz","2",120,60,NA,6.64,34.468435
"647","SCOTT_2019","2","SCOTT","2019","CDC Bethune","2",120,57,NA,6.85,34.29127
"648","SCOTT_2019","1","SCOTT","2019","AAC Bright","2",129,58,NA,6.94,33.70072
"649","SCOTT_2019","2","SCOTT","2019","CDC Buryu","2",122,60.5,NA,6.87,33.405445
"650","SCOTT_2019","2","SCOTT","2019","ND Hammond","2",132,68.5,NA,5.97,33.14954
"651","SCOTT_2019","3","SCOTT","2019","CDC Bethune","2",123,62,NA,6.84,33.03143
"652","SCOTT_2019","2","SCOTT","2019","CDC Dorado","2",131,56,NA,7.11,33.03143
"653","SCOTT_2019","1","SCOTT","2019","Topaz","2",120,62,NA,6.64,32.736155
"654","SCOTT_2019","1","SCOTT","2019","ND Hammond","2",129,67.5,NA,5.88,32.696785
"655","SCOTT_2019","3","SCOTT","2019","CDC Dorado","2",133,53.5,NA,7.28,32.40151
"656","SCOTT_2019","3","SCOTT","2019","AAC Bright","2",129,62,NA,6.95,30.51175
"657","SCOTT_2019","1","SCOTT","2019","CDC Dorado","2",128,51.5,NA,7.15,29.940885
"658","ST_MATHIEU_DE_BELOEIL_2019","3","ST_MATHIEU_DE_BELOEIL","2019","FP2595","5",NA,57.5,1,6.37,40.29952
"659","ST_MATHIEU_DE_BELOEIL_2019","2","ST_MATHIEU_DE_BELOEIL","2019","FP2594","5",NA,58.5,1,6.58,39.92912
"660","ST_MATHIEU_DE_BELOEIL_2019","2","ST_MATHIEU_DE_BELOEIL","2019","FP2567","5",NA,59,1,6.93,39.0772
"661","ST_MATHIEU_DE_BELOEIL_2019","2","ST_MATHIEU_DE_BELOEIL","2019","CDC Rowland","5",NA,55,1,7.14,37.98452
"662","ST_MATHIEU_DE_BELOEIL_2019","3","ST_MATHIEU_DE_BELOEIL","2019","FP2591","5",NA,59.5,1,6.52,37.94748
"663","ST_MATHIEU_DE_BELOEIL_2019","1","ST_MATHIEU_DE_BELOEIL","2019","FP2591","5",NA,59,1,6.62,37.70672
"664","ST_MATHIEU_DE_BELOEIL_2019","2","ST_MATHIEU_DE_BELOEIL","2019","FP2595","5",NA,57,1,6.57,37.63264
"665","ST_MATHIEU_DE_BELOEIL_2019","2","ST_MATHIEU_DE_BELOEIL","2019","FP2573","5",NA,62,1,6.2,37.55856
"666","ST_MATHIEU_DE_BELOEIL_2019","2","ST_MATHIEU_DE_BELOEIL","2019","FP2591","5",NA,57.5,1,6.55,37.54004
"667","ST_MATHIEU_DE_BELOEIL_2019","2","ST_MATHIEU_DE_BELOEIL","2019","FP2593","5",NA,53.5,1,7.22,37.54004
"668","ST_MATHIEU_DE_BELOEIL_2019","3","ST_MATHIEU_DE_BELOEIL","2019","CDC Rowland","5",NA,65.5,1,6.93,37.48448
"669","ST_MATHIEU_DE_BELOEIL_2019","1","ST_MATHIEU_DE_BELOEIL","2019","FP2594","5",NA,55.5,1,6.58,37.48448
"670","ST_MATHIEU_DE_BELOEIL_2019","3","ST_MATHIEU_DE_BELOEIL","2019","FP2573","5",NA,58,1,5.97,37.35484
"671","ST_MATHIEU_DE_BELOEIL_2019","3","ST_MATHIEU_DE_BELOEIL","2019","FP2566","5",NA,57,1,5.92,37.28076
"672","ST_MATHIEU_DE_BELOEIL_2019","3","ST_MATHIEU_DE_BELOEIL","2019","FP2590","5",NA,59.5,1,6.8,37.28076
"673","ST_MATHIEU_DE_BELOEIL_2019","3","ST_MATHIEU_DE_BELOEIL","2019","FP2594","5",NA,58,1,6.43,37.20668
"674","ST_MATHIEU_DE_BELOEIL_2019","1","ST_MATHIEU_DE_BELOEIL","2019","FP2593","5",NA,57,1,7.16,37.09556
"675","ST_MATHIEU_DE_BELOEIL_2019","3","ST_MATHIEU_DE_BELOEIL","2019","FP2593","5",NA,57,1,6.83,37.09556
"676","ST_MATHIEU_DE_BELOEIL_2019","1","ST_MATHIEU_DE_BELOEIL","2019","FP2566","5",NA,54.5,1,6,36.98444
"677","ST_MATHIEU_DE_BELOEIL_2019","2","ST_MATHIEU_DE_BELOEIL","2019","FP2592","5",NA,61,1,6.82,36.96592
"678","ST_MATHIEU_DE_BELOEIL_2019","1","ST_MATHIEU_DE_BELOEIL","2019","FP2567","5",NA,55,1,6.47,36.8548
"679","ST_MATHIEU_DE_BELOEIL_2019","1","ST_MATHIEU_DE_BELOEIL","2019","FP2595","5",NA,52.5,1,6.39,36.8548
"680","ST_MATHIEU_DE_BELOEIL_2019","1","ST_MATHIEU_DE_BELOEIL","2019","CDC Rowland","5",NA,55,1,6.96,36.70664
"681","ST_MATHIEU_DE_BELOEIL_2019","1","ST_MATHIEU_DE_BELOEIL","2019","FP2590","5",NA,55,1,6.92,36.70664
"682","ST_MATHIEU_DE_BELOEIL_2019","3","ST_MATHIEU_DE_BELOEIL","2019","FP2567","5",NA,57.5,1,6.53,36.61404
"683","ST_MATHIEU_DE_BELOEIL_2019","3","ST_MATHIEU_DE_BELOEIL","2019","AAC Marvelous","5",NA,58,1,5.76,36.53996
"684","ST_MATHIEU_DE_BELOEIL_2019","2","ST_MATHIEU_DE_BELOEIL","2019","CDC Glas","5",NA,60.5,1,5.59,36.52144
"685","ST_MATHIEU_DE_BELOEIL_2019","2","ST_MATHIEU_DE_BELOEIL","2019","FP2590","5",NA,54,1,6.59,36.4844
"686","ST_MATHIEU_DE_BELOEIL_2019","2","ST_MATHIEU_DE_BELOEIL","2019","AAC Prairie Sunshine","5",NA,59.5,1,5.62,36.42884
"687","ST_MATHIEU_DE_BELOEIL_2019","1","ST_MATHIEU_DE_BELOEIL","2019","CDC Glas","5",NA,57,1,5.54,36.42884
"688","ST_MATHIEU_DE_BELOEIL_2019","1","ST_MATHIEU_DE_BELOEIL","2019","AAC Marvelous","5",NA,58.5,1,5.79,36.35476
"689","ST_MATHIEU_DE_BELOEIL_2019","2","ST_MATHIEU_DE_BELOEIL","2019","FP2566","5",NA,57,1,6.09,36.15104
"690","ST_MATHIEU_DE_BELOEIL_2019","2","ST_MATHIEU_DE_BELOEIL","2019","FP2589","5",NA,55,1,7.34,36.09548
"691","ST_MATHIEU_DE_BELOEIL_2019","2","ST_MATHIEU_DE_BELOEIL","2019","AAC Bright","5",NA,61.5,1,5.86,36.07696
"692","ST_MATHIEU_DE_BELOEIL_2019","1","ST_MATHIEU_DE_BELOEIL","2019","AAC Prairie Sunshine","5",NA,54,1,5.59,36.05844
"693","ST_MATHIEU_DE_BELOEIL_2019","2","ST_MATHIEU_DE_BELOEIL","2019","AAC Marvelous","5",NA,57,1,5.91,36.03992
"694","ST_MATHIEU_DE_BELOEIL_2019","1","ST_MATHIEU_DE_BELOEIL","2019","FP2589","5",NA,54.5,1,7.29,36.0214
"695","ST_MATHIEU_DE_BELOEIL_2019","3","ST_MATHIEU_DE_BELOEIL","2019","FP2592","5",NA,56.5,1,6.93,36.0214
"696","ST_MATHIEU_DE_BELOEIL_2019","1","ST_MATHIEU_DE_BELOEIL","2019","FP2573","5",NA,57.5,1,5.93,35.72508
"697","ST_MATHIEU_DE_BELOEIL_2019","2","ST_MATHIEU_DE_BELOEIL","2019","Topaz","5",NA,62,1,5.96,35.03984
"698","ST_MATHIEU_DE_BELOEIL_2019","2","ST_MATHIEU_DE_BELOEIL","2019","CDC Bethune","5",NA,60,1,5.96,34.89168
"699","ST_MATHIEU_DE_BELOEIL_2019","3","ST_MATHIEU_DE_BELOEIL","2019","CDC Buryu","5",NA,65,1,5.79,34.74352
"700","ST_MATHIEU_DE_BELOEIL_2019","3","ST_MATHIEU_DE_BELOEIL","2019","FP2589","5",NA,57.5,1,7.23,34.6324
"701","ST_MATHIEU_DE_BELOEIL_2019","1","ST_MATHIEU_DE_BELOEIL","2019","FP2592","5",NA,58,1,6.87,34.48424
"702","ST_MATHIEU_DE_BELOEIL_2019","3","ST_MATHIEU_DE_BELOEIL","2019","CDC Glas","5",NA,52.5,1,5.26,34.39164
"703","ST_MATHIEU_DE_BELOEIL_2019","2","ST_MATHIEU_DE_BELOEIL","2019","CDC Buryu","5",NA,61,1,5.74,34.29904
"704","ST_MATHIEU_DE_BELOEIL_2019","3","ST_MATHIEU_DE_BELOEIL","2019","AAC Bright","5",NA,62,1,5.89,34.18792
"705","ST_MATHIEU_DE_BELOEIL_2019","3","ST_MATHIEU_DE_BELOEIL","2019","CDC Bethune","5",NA,60,1,5.95,33.96568
"706","ST_MATHIEU_DE_BELOEIL_2019","2","ST_MATHIEU_DE_BELOEIL","2019","CDC Dorado","5",NA,50,1,6.62,33.85456
"707","ST_MATHIEU_DE_BELOEIL_2019","3","ST_MATHIEU_DE_BELOEIL","2019","AAC Prairie Sunshine","5",NA,57.5,1,5.43,33.53972
"708","ST_MATHIEU_DE_BELOEIL_2019","1","ST_MATHIEU_DE_BELOEIL","2019","Topaz","5",NA,64.5,1,5.93,33.46564
"709","ST_MATHIEU_DE_BELOEIL_2019","1","ST_MATHIEU_DE_BELOEIL","2019","AAC Bright","5",NA,60,1,5.81,33.31748
"710","ST_MATHIEU_DE_BELOEIL_2019","1","ST_MATHIEU_DE_BELOEIL","2019","CDC Bethune","5",NA,57.5,1,5.98,33.09524
"711","ST_MATHIEU_DE_BELOEIL_2019","1","ST_MATHIEU_DE_BELOEIL","2019","CDC Buryu","5",NA,56,1,5.72,32.6878
"712","ST_MATHIEU_DE_BELOEIL_2019","3","ST_MATHIEU_DE_BELOEIL","2019","Topaz","5",NA,56.5,1,5.88,32.00256
"713","ST_MATHIEU_DE_BELOEIL_2019","1","ST_MATHIEU_DE_BELOEIL","2019","CDC Dorado","5",NA,54.5,1,6.37,31.74328
"714","ST_MATHIEU_DE_BELOEIL_2019","2","ST_MATHIEU_DE_BELOEIL","2019","ND Hammond","5",NA,58.5,1,5.44,30.13204
"715","ST_MATHIEU_DE_BELOEIL_2019","3","ST_MATHIEU_DE_BELOEIL","2019","ND Hammond","5",NA,60,1,5.44,29.8172
"716","ST_MATHIEU_DE_BELOEIL_2019","3","ST_MATHIEU_DE_BELOEIL","2019","CDC Dorado","5",NA,50.5,1,6.41,28.09484
"717","ST_MATHIEU_DE_BELOEIL_2019","1","ST_MATHIEU_DE_BELOEIL","2019","ND Hammond","5",NA,59.5,1,5.39,NA
"718","VEGREVILLE_2019","3","VEGREVILLE","2019","FP2592","3",123,84.2,2,7.58,34.127698
"719","VEGREVILLE_2019","3","VEGREVILLE","2019","CDC Bethune","3",115,80.08,1,6.59,33.528869
"720","VEGREVILLE_2019","3","VEGREVILLE","2019","CDC Glas","3",121,76.24,1,5.67,31.276872
"721","VEGREVILLE_2019","2","VEGREVILLE","2019","CDC Rowland","3",123,81.5,1,7.33,30.902465
"722","VEGREVILLE_2019","2","VEGREVILLE","2019","AAC Bright","3",117,74.58,1,6.24,30.800253
"723","VEGREVILLE_2019","3","VEGREVILLE","2019","AAC Bright","3",119,78.42,1,6.04,30.03033
"724","VEGREVILLE_2019","3","VEGREVILLE","2019","FP2594","3",125,77.32,1,6.97,29.273739
"725","VEGREVILLE_2019","3","VEGREVILLE","2019","FP2591","3",125,76.2,1,7.24,28.706018
"726","VEGREVILLE_2019","1","VEGREVILLE","2019","CDC Bethune","3",119,82.02,1,6.66,28.6638
"727","VEGREVILLE_2019","3","VEGREVILLE","2019","CDC Dorado","3",123,66.88,1,6.88,28.053861
"728","VEGREVILLE_2019","1","VEGREVILLE","2019","FP2595","3",113,64.38,1,6.1,28.022753
"729","VEGREVILLE_2019","2","VEGREVILLE","2019","FP2595","3",119,66.62,1,6.5,27.137286
"730","VEGREVILLE_2019","2","VEGREVILLE","2019","CDC Buryu","3",123,83.26,1,6.55,26.251819
"731","VEGREVILLE_2019","2","VEGREVILLE","2019","FP2566","3",125,79.06,1,6.3,26.250708
"732","VEGREVILLE_2019","1","VEGREVILLE","2019","CDC Dorado","3",121,69.82,1,6.82,26.248486
"733","VEGREVILLE_2019","3","VEGREVILLE","2019","Topaz","3",123,72.92,1,6.61,26.091835
"734","VEGREVILLE_2019","2","VEGREVILLE","2019","FP2594","3",114,66.08,1,6.38,26.07517
"735","VEGREVILLE_2019","1","VEGREVILLE","2019","FP2589","3",119,66.58,1,7.47,25.790754
"736","VEGREVILLE_2019","3","VEGREVILLE","2019","CDC Buryu","3",115,78.82,1,6.4,25.648546
"737","VEGREVILLE_2019","1","VEGREVILLE","2019","Topaz","3",115,78.72,1,6.31,25.635214
"738","VEGREVILLE_2019","2","VEGREVILLE","2019","FP2593","3",115,69.76,1,7.03,25.431901
"739","VEGREVILLE_2019","2","VEGREVILLE","2019","FP2589","3",125,80.14,1,7.51,25.354131
"740","VEGREVILLE_2019","1","VEGREVILLE","2019","FP2591","3",115,76.6,1,6.89,25.283027
"741","VEGREVILLE_2019","2","VEGREVILLE","2019","CDC Bethune","3",108,66.56,1,5.82,25.037496
"742","VEGREVILLE_2019","2","VEGREVILLE","2019","FP2567","3",121,83.04,1,6.88,25.015276
"743","VEGREVILLE_2019","3","VEGREVILLE","2019","FP2595","3",124,79.24,1,6.93,24.398671
"744","VEGREVILLE_2019","2","VEGREVILLE","2019","FP2573","3",125,82.88,1,6.53,24.390894
"745","VEGREVILLE_2019","3","VEGREVILLE","2019","FP2567","3",125,80.48,1,7.02,23.189903
"746","VEGREVILLE_2019","1","VEGREVILLE","2019","FP2594","3",115,59.44,1,5.74,22.769945
"747","VEGREVILLE_2019","3","VEGREVILLE","2019","FP2593","3",122,75.96,1,7.61,22.525525
"748","VEGREVILLE_2019","2","VEGREVILLE","2019","FP2590","3",114,64.5,1,6.51,22.192225
"749","VEGREVILLE_2019","3","VEGREVILLE","2019","FP2573","3",125,85.26,3,6.48,22.134453
"750","VEGREVILLE_2019","2","VEGREVILLE","2019","FP2591","3",115,62.12,1,6.73,22.098901
"751","VEGREVILLE_2019","2","VEGREVILLE","2019","Topaz","3",108,64.86,1,5.27,21.617838
"752","VEGREVILLE_2019","1","VEGREVILLE","2019","AAC Prairie Sunshine","3",121,70.4,1,5.66,21.545623
"753","VEGREVILLE_2019","2","VEGREVILLE","2019","CDC Dorado","3",115,65.02,1,6.48,21.462298
"754","VEGREVILLE_2019","3","VEGREVILLE","2019","AAC Marvelous","3",125,84.34,1,6.87,21.082336
"755","VEGREVILLE_2019","1","VEGREVILLE","2019","FP2573","3",112,66.94,1,5.92,20.727927
"756","VEGREVILLE_2019","3","VEGREVILLE","2019","FP2590","3",125,70.56,1,7.7,20.600162
"757","VEGREVILLE_2019","1","VEGREVILLE","2019","FP2566","3",115,63.46,1,6.33,19.770245
"758","VEGREVILLE_2019","2","VEGREVILLE","2019","AAC Marvelous","3",119,62,1,5.83,19.69803
"759","VEGREVILLE_2019","3","VEGREVILLE","2019","AAC Prairie Sunshine","3",115,66.96,1,5.75,19.436945
"760","VEGREVILLE_2019","1","VEGREVILLE","2019","CDC Glas","3",108,63.46,1,5.13,18.743681
"761","VEGREVILLE_2019","3","VEGREVILLE","2019","ND Hammond","3",123,76.64,1,6.27,18.674799
"762","VEGREVILLE_2019","3","VEGREVILLE","2019","CDC Rowland","3",125,80.42,1,7.43,18.647024
"763","VEGREVILLE_2019","1","VEGREVILLE","2019","FP2593","3",114,62.44,1,6.6,18.152629
"764","VEGREVILLE_2019","1","VEGREVILLE","2019","FP2590","3",115,58.08,1,6.27,18.065971
"765","VEGREVILLE_2019","1","VEGREVILLE","2019","FP2567","3",123,76.86,1,7.12,18.015976
"766","VEGREVILLE_2019","2","VEGREVILLE","2019","CDC Glas","3",109,64.94,1,4.68,17.793776
"767","VEGREVILLE_2019","3","VEGREVILLE","2019","FP2589","3",125,82.08,1,7.36,17.673788
"768","VEGREVILLE_2019","1","VEGREVILLE","2019","CDC Buryu","3",109,59.14,1,5.55,17.428257
"769","VEGREVILLE_2019","3","VEGREVILLE","2019","FP2566","3",125,81.36,4,6.6,14.369674
"770","VEGREVILLE_2019","2","VEGREVILLE","2019","FP2592","3",109,61.92,1,6.14,12.534302
"771","VEGREVILLE_2019","1","VEGREVILLE","2019","AAC Bright","3",109,58.28,1,5.58,11.923252
"772","VEGREVILLE_2019","1","VEGREVILLE","2019","ND Hammond","3",109,64.22,1,5.4,11.677721
"773","VEGREVILLE_2019","1","VEGREVILLE","2019","FP2592","3",109,62.06,1,5.86,11.5236253
"774","VEGREVILLE_2019","1","VEGREVILLE","2019","AAC Marvelous","3",112,57.58,1,5.13,8.861336
"775","VEGREVILLE_2019","2","VEGREVILLE","2019","AAC Prairie Sunshine","3",111,48.32,1,NA,NA
"776","VEGREVILLE_2019","1","VEGREVILLE","2019","CDC Rowland","3",112,56.26,1,NA,NA
"777","VEGREVILLE_2019","2","VEGREVILLE","2019","ND Hammond","3",111,58.88,1,NA,NA
